Date,AAPL,AMZN,GOOG,META,MSFT
2018-01-02,40.267066955566406,59.45050048828125,52.816375732421875,180.00738525390625,78.87035369873047
2018-01-03,40.26005935668945,60.209999084472656,53.68327331542969,183.2321014404297,79.2374038696289
2018-01-04,40.44708251953125,60.47949981689453,53.87767028808594,182.8947296142578,79.93479919433594
2018-01-05,40.90756607055664,61.457000732421875,54.662723541259766,185.39511108398438,80.92584991455078
2018-01-08,40.75563430786133,62.34349822998047,54.896305084228516,186.81399536132812,81.00843048095703
2018-01-09,40.750953674316406,62.6349983215332,54.862586975097656,186.40713500976562,80.95337677001953
2018-01-10,40.74160385131836,62.71649932861328,54.68157196044922,186.3773956298828,80.58633422851562
2018-01-11,40.97301483154297,63.83399963378906,54.82588195800781,186.30795288085938,80.82489013671875
2018-01-12,41.39612579345703,65.26000213623047,55.656063079833984,177.9733428955078,82.2197265625
2018-01-16,41.185733795166016,65.24299621582031,55.63127136230469,177.00100708007812,81.07267761230469
2018-01-17,41.865989685058594,64.75,56.13811111450195,176.21714782714844,82.7152328491211
2018-01-18,41.90336990356445,64.66600036621094,56.02949905395508,178.40000915527344,82.67852783203125
2018-01-19,41.71638107299805,64.72899627685547,56.412357330322266,179.87838745117188,82.5867691040039
2018-01-22,41.375091552734375,66.3655014038086,57.31991195678711,183.9266357421875,84.06413269042969
2018-01-23,41.38444900512695,68.12699890136719,58.02214431762695,187.87564086914062,84.33026123046875
2018-01-24,40.72525405883789,67.87550354003906,57.73797607421875,185.09744262695312,84.2568588256836
2018-01-25,39.99825668334961,68.89749908447266,58.0419807434082,186.0201873779297,84.72486114501953
2018-01-26,40.091758728027344,70.10250091552734,58.313255310058594,188.5205841064453,86.31234741210938
2018-01-29,39.26191711425781,70.88400268554688,58.30036163330078,184.53187561035156,86.18386840820312
2018-01-30,39.03050231933594,71.89099884033203,57.71070098876953,185.6630096435547,85.10106658935547
2018-01-31,39.13803482055664,72.54450225830078,58.020660400390625,185.4347686767578,87.18408966064453
2018-02-01,39.2198486328125,69.5,57.90956115722656,191.58651733398438,86.49588775634766
2018-02-02,37.5180778503418,71.49749755859375,55.14228820800781,188.79840087890625,84.22015380859375
2018-02-05,36.580718994140625,69.5,52.36012649536133,179.84864807128906,80.75150299072266
2018-02-06,38.109493255615234,72.14199829101562,53.590030670166016,183.86709594726562,83.80720520019531
2018-02-07,37.293678283691406,70.83899688720703,52.00206756591797,178.77703857421875,82.2288818359375
2018-02-08,36.267494201660156,67.5250015258789,49.66822814941406,170.2440185546875,78.00777435302734
2018-02-09,36.71109390258789,66.9800033569336,51.46646499633789,174.73875427246094,80.91667938232422
2018-02-12,38.189762115478516,69.3115005493164,52.16869354248047,175.03640747070312,81.78843688964844
2018-02-13,38.57233810424805,70.72550201416016,52.176631927490234,171.80178833007812,82.4307632446289
2018-02-14,39.28350830078125,72.55249786376953,53.04947280883789,178.12217712402344,83.72148132324219
2018-02-15,40.60258102416992,73.08799743652344,54.03239440917969,178.55877685546875,85.42707824707031
2018-02-16,40.47114944458008,72.43450164794922,54.29425048828125,175.97900390625,84.8185806274414
2018-02-20,40.33502960205078,73.4175033569336,54.674129486083984,174.6395263671875,85.48240661621094
2018-02-21,40.151939392089844,74.14600372314453,55.11451721191406,176.5247344970703,84.34839630126953
2018-02-22,40.48757553100586,74.26699829101562,54.88093185424805,177.59632873535156,84.5696792602539
2018-02-23,41.191715240478516,75.0,55.88072204589844,181.8628387451172,86.71780395507812
2018-02-26,42.00616455078125,76.09750366210938,56.7218132019043,183.49005126953125,87.97161865234375
2018-02-27,41.870025634765625,75.5989990234375,55.45918655395508,180.04708862304688,86.84686279296875
2018-02-28,41.80664825439453,75.62249755859375,54.78670883178711,176.93153381347656,86.450439453125
2018-03-01,41.074363708496094,74.67250061035156,53.04054260253906,174.57008361816406,85.60223388671875
2018-03-02,41.358367919921875,75.01249694824219,53.506717681884766,175.24478149414062,85.7866439819336
2018-03-05,41.501529693603516,76.18049621582031,54.10232162475586,178.99533081054688,86.33057403564453
2018-03-06,41.4663200378418,76.88200378417969,54.3071403503418,178.3801727294922,86.03556823730469
2018-03-07,41.081382751464844,77.25,55.03020095825195,182.27957153320312,86.53338623046875
2018-03-08,41.52970886230469,77.59300231933594,55.8415412902832,180.92022705078125,87.05892181396484
2018-03-09,42.24320602416992,78.94450378417969,57.52968215942383,183.7877197265625,89.00421142578125
2018-03-12,42.651611328125,79.91950225830078,57.75086975097656,183.3213653564453,89.21626281738281
2018-03-13,42.24086380004883,79.40899658203125,56.445091247558594,180.46380615234375,87.04048919677734
2018-03-14,41.88175964355469,79.55000305175781,57.00647735595703,182.75582885742188,86.52421569824219
2018-03-15,41.93104934692383,79.11599731445312,57.010948181152344,182.42840576171875,86.82842254638672
2018-03-16,41.78318786621094,78.58399963378906,56.32408142089844,183.64878845214844,87.21564483642578
2018-03-19,41.144779205322266,77.24649810791016,54.5432014465332,171.21636962890625,85.63911437988281
2018-03-20,41.13068389892578,79.32550048828125,54.438568115234375,166.84071350097656,85.86038970947266
2018-03-21,40.19889831542969,79.09300231933594,54.0998420715332,168.07107543945312,85.26115417480469
2018-03-22,39.630889892578125,77.24600219726562,52.02686309814453,163.6061248779297,82.78112030029297
2018-03-23,38.713172912597656,74.77799987792969,50.66256332397461,158.14892578125,80.37483215332031
2018-03-26,40.55095291137695,77.79299926757812,52.23168182373047,158.813720703125,86.45964050292969
2018-03-27,39.51118087768555,74.85250091552734,49.84577178955078,151.03477478027344,82.48607635498047
2018-03-28,39.074615478515625,71.57099914550781,49.818992614746094,151.83843994140625,82.41230773925781
2018-03-29,39.37975311279297,72.36699676513672,51.169403076171875,158.54579162597656,84.14558410644531
2018-04-02,39.12156677246094,68.59950256347656,49.91371154785156,154.1800537109375,81.61026763916016
2018-04-03,39.522926330566406,69.60250091552734,50.25789260864258,154.8944549560547,82.70734405517578
2018-04-04,40.2786979675293,70.52850341796875,50.83960723876953,153.89234924316406,85.1228256225586
2018-04-05,40.557987213134766,72.5875015258789,50.97202682495117,158.0993194580078,85.16893005371094
2018-04-06,39.52058029174805,70.2614974975586,49.941978454589844,155.97596740722656,83.18678283691406
2018-04-09,39.91252899169922,70.30400085449219,50.35905456542969,156.70028686523438,83.68460845947266
2018-04-10,40.66361618041992,71.81099700927734,51.161964416503906,163.7549285888672,85.6299057006836
2018-04-11,40.47350311279297,71.35250091552734,50.58321762084961,165.0249786376953,84.68951416015625
2018-04-12,40.87249755859375,72.42500305175781,51.20510482788086,162.59400939941406,86.27527618408203
2018-04-13,41.010982513427734,71.53949737548828,51.044429779052734,163.23898315429688,85.81428527832031
2018-04-16,41.266815185546875,72.07499694824219,51.476375579833984,163.54656982421875,86.8192138671875
2018-04-17,41.83481979370117,75.19149780273438,53.270652770996094,167.3467559814453,88.57088470458984
2018-04-18,41.74093246459961,76.39199829101562,53.16749572753906,165.0646514892578,88.91202545166016
2018-04-19,40.557987213134766,77.84549713134766,53.942142486572266,166.7911376953125,88.60779571533203
2018-04-20,38.8962516784668,76.37449645996094,53.21113967895508,164.98529052734375,87.58442687988281
2018-04-23,38.783592224121094,75.89299774169922,52.93788528442383,164.54873657226562,87.9071044921875
2018-04-24,38.24374771118164,73.00450134277344,50.583709716796875,158.4466094970703,85.8511734008789
2018-04-25,38.4103889465332,73.00849914550781,50.643218994140625,158.4466094970703,85.10440063476562
2018-04-26,38.54417419433594,75.89800262451172,51.57854080200195,172.8039093017578,86.90216827392578
2018-04-27,38.098243713378906,78.63099670410156,51.08311462402344,172.23838806152344,88.34042358398438
2018-04-30,38.78828048706055,78.30650329589844,50.452293395996094,170.66073608398438,86.2199478149414
2018-05-01,39.68956756591797,79.11299896240234,51.44315719604492,172.5062713623047,87.58442687988281
2018-05-02,41.44285583496094,78.48400115966797,50.801918029785156,174.69906616210938,86.21073150634766
2018-05-03,41.517967224121094,78.60399627685547,50.76919174194336,172.66502380371094,86.72701263427734
2018-05-04,43.14685821533203,79.04750061035156,51.98371887207031,175.23484802246094,87.73194122314453
2018-05-07,43.45901870727539,80.00700378417969,52.310035705566406,176.58425903320312,88.70918273925781
2018-05-08,43.66791534423828,79.61949920654297,52.26639175415039,177.52684020996094,88.33116149902344
2018-05-09,43.97538757324219,80.4000015258789,53.69715118408203,181.2377471923828,89.37300109863281
2018-05-10,44.604400634765625,80.4540023803711,54.43162155151367,184.08538818359375,90.26727294921875
2018-05-11,44.43476486206055,80.14550018310547,54.46583557128906,185.53402709960938,90.07366180419922
2018-05-14,44.33108139038086,80.0770034790039,54.56204605102539,185.18675231933594,90.37789916992188
2018-05-15,43.928184509277344,78.80599975585938,53.5220832824707,182.8848114013672,89.72332000732422
2018-05-16,44.338157653808594,79.36399841308594,53.64805221557617,181.7735137939453,89.95481872558594
2018-05-17,44.057777404785156,79.08799743652344,53.49034881591797,182.32919311523438,89.05664825439453
2018-05-18,43.89754867553711,78.71849822998047,52.883827209472656,181.25758361816406,89.22330474853516
2018-05-21,44.208560943603516,79.27300262451172,53.53944396972656,183.05348205566406,90.37149810791016
2018-05-22,44.09783935546875,79.06999969482422,53.05094909667969,182.36886596679688,90.27887725830078
2018-05-23,44.38057327270508,80.09300231933594,53.544898986816406,185.4447479248047,91.35298919677734
2018-05-24,44.33108139038086,80.15350341796875,53.5225830078125,184.48228454589844,91.02888488769531
2018-05-25,44.432403564453125,80.50749969482422,53.34504318237305,183.48013305664062,91.07520294189453
2018-05-29,44.272186279296875,80.64350128173828,52.58428955078125,184.29376220703125,90.75110626220703
2018-05-30,44.17794418334961,81.24449920654297,52.955238342285156,186.20872497558594,91.62149047851562
2018-05-31,44.02950668334961,81.48100280761719,53.807743072509766,190.2867431640625,91.51961517333984
2018-06-01,44.82352828979492,82.0770034790039,55.51919174194336,192.47952270507812,93.3252182006836
2018-06-04,45.19816207885742,83.26349639892578,56.50063705444336,191.7750701904297,94.14007568359375
2018-06-05,45.54686737060547,84.81749725341797,56.518978118896484,191.4376983642578,94.62152099609375
2018-06-06,45.7047233581543,84.7874984741211,56.3811149597168,189.85015869140625,94.89932250976562
2018-06-07,45.582210540771484,84.46499633789062,55.735416412353516,186.71475219726562,93.40853881835938
2018-06-08,45.16752243041992,84.19950103759766,55.58713150024414,187.6276092529297,94.10301971435547
2018-06-11,45.0567741394043,84.45600128173828,56.0394172668457,190.04859924316406,93.56597137451172
2018-06-12,45.30418014526367,84.9375,56.50212097167969,190.90191650390625,93.80672454833984
2018-06-13,44.93190383911133,85.24299621582031,56.277462005615234,190.91180419921875,93.38078308105469
2018-06-14,44.955467224121094,86.19300079345703,57.13690948486328,195.27755737304688,93.9085693359375
2018-06-15,44.4936637878418,85.79850006103516,57.14385223388672,194.32504272460938,92.71409606933594
2018-06-18,44.47011184692383,86.18949890136719,58.195220947265625,196.76588439941406,93.3900146484375
2018-06-19,43.75148391723633,86.73899841308594,57.927425384521484,195.95228576660156,93.3900146484375
2018-06-20,43.942325592041016,87.50399780273438,58.01569747924805,200.42715454101562,94.32523345947266
2018-06-21,43.697288513183594,86.51100158691406,57.41165542602539,199.93106079101562,93.6493148803711
2018-06-22,43.57005310058594,85.78350067138672,57.30353927612305,200.16917419433594,92.97335815429688
2018-06-25,42.92211151123047,83.15750122070312,55.78253173828125,194.8211669921875,91.10295867919922
2018-06-26,43.45460510253906,84.55449676513672,55.467613220214844,197.4504852294922,91.74186706542969
2018-06-27,43.3909797668457,83.02549743652344,54.749507904052734,194.31512451171875,90.3159408569336
2018-06-28,43.70671081542969,85.07250213623047,55.25733947753906,194.7020721435547,91.3251953125
2018-06-29,43.61481475830078,84.98999786376953,55.3282585144043,192.8069610595703,91.30667877197266
2018-07-02,44.10255432128906,85.68900299072266,55.9139518737793,195.82327270507812,92.60298156738281
2018-07-03,43.33444595336914,84.697998046875,54.69544982910156,191.2293243408203,91.71408081054688
2018-07-05,43.68314743041992,84.98650360107422,55.75575256347656,196.90480041503906,92.37150573730469
2018-07-06,44.28867721557617,85.53150177001953,56.544273376464844,201.64756774902344,93.66781616210938
2018-07-09,44.90364074707031,86.95099639892578,57.232627868652344,203.1458282470703,94.30672454833984
2018-07-10,44.849449157714844,87.15350341796875,57.17261505126953,201.9551544189453,94.55672454833984
2018-07-11,44.26747512817383,87.75,57.22518539428711,200.96295166015625,94.42707824707031
2018-07-12,45.009666442871094,89.83100128173828,58.692142486572266,205.308837890625,96.47337341308594
2018-07-13,45.08034133911133,90.65149688720703,58.95697021484375,205.7057342529297,97.6215591430664
2018-07-16,44.98139572143555,91.12449645996094,58.71098709106445,205.61643981933594,97.14007568359375
2018-07-17,45.10862731933594,92.19650268554688,59.451900482177734,208.3549346923828,98.10305786132812
2018-07-18,44.86122512817383,92.14600372314453,59.30708694458008,207.72984313964844,97.33453369140625
2018-07-19,45.20995330810547,90.64849853515625,58.864723205566406,206.4697265625,96.66785430908203
2018-07-20,45.10627365112305,90.68499755859375,58.763057708740234,208.30531311035156,98.39933776855469
2018-07-23,45.14631271362305,90.0999984741211,59.784175872802734,209.26779174804688,99.97346496582031
2018-07-24,45.47382736206055,91.46199798583984,61.89583969116211,212.9984893798828,99.68640899658203
2018-07-25,45.90264892578125,93.18049621582031,62.67048263549805,215.80645751953125,102.62163543701172
2018-07-26,45.75893020629883,90.4000015258789,62.900089263916016,174.8875732421875,101.50126647949219
2018-07-27,44.997894287109375,90.8635025024414,61.42074203491211,173.5282440185547,99.70494842529297
2018-07-30,44.74576950073242,88.96099853515625,60.49037551879883,169.7280731201172,97.56602478027344
2018-07-31,44.8353157043457,88.87200164794922,60.36738967895508,171.2362060546875,98.22341918945312
2018-08-01,47.47654724121094,89.8584976196289,60.50376510620117,170.31346130371094,98.40859985351562
2018-08-02,48.86433029174805,91.71649932861328,60.808265686035156,174.99671936035156,99.60307312011719
2018-08-03,49.005699157714844,91.16449737548828,60.687259674072266,176.39572143554688,100.03828430175781
2018-08-06,49.26017379760742,92.38749694824219,60.739830017089844,184.244140625,100.12161254882812
2018-08-07,48.798370361328125,93.1240005493164,61.605224609375,182.37876892089844,100.81604766845703
2018-08-08,48.83135223388672,94.32599639892578,61.77334976196289,183.73809814453125,101.38086700439453
2018-08-09,49.215396881103516,94.9260025024414,61.94642639160156,181.6643829345703,101.54753875732422
2018-08-10,49.06881332397461,94.31500244140625,61.37660217285156,178.85643005371094,100.92716217041016
2018-08-13,49.385643005371094,94.80999755859375,61.24765396118164,178.6480712890625,100.19568634033203
2018-08-14,49.593711853027344,95.98249816894531,61.599273681640625,179.69981384277344,101.44568634033203
2018-08-15,49.70956802368164,94.13099670410156,60.22456741333008,178.1321258544922,100.07003021240234
2018-08-16,50.43780517578125,94.32599639892578,59.833274841308594,173.3397216796875,100.05145263671875
2018-08-17,51.445045471191406,94.11100006103516,59.55902099609375,172.44671630859375,99.99566650390625
2018-08-20,50.94378662109375,93.83550262451172,59.89674758911133,171.15682983398438,99.33573150634766
2018-08-21,50.8444938659668,94.1709976196289,59.591758728027344,171.2759246826172,98.50847625732422
2018-08-22,50.846866607666016,95.24500274658203,59.87493133544922,172.28797912597656,99.51233673095703
2018-08-23,50.95087814331055,95.1449966430664,59.77822494506836,171.55372619628906,99.97708129882812
2018-08-24,51.109317779541016,95.26950073242188,60.5355110168457,173.2901153564453,100.75787353515625
2018-08-27,51.53017807006836,96.38400268554688,61.58538818359375,176.07823181152344,101.87327575683594
2018-08-28,51.946311950683594,96.64099884033203,61.05623245239258,174.8875732421875,102.4867172241211
2018-08-29,52.72183609008789,99.90499877929688,61.95634078979492,174.53038024902344,104.12265014648438
2018-08-30,53.20654296875,100.11900329589844,61.451480865478516,176.25682067871094,104.05758666992188
2018-08-31,53.8212890625,100.635498046875,60.413509368896484,174.36170959472656,104.41082000732422
2018-09-04,53.993900299072266,101.97550201416016,59.362632751464844,169.8272705078125,103.83450317382812
2018-09-05,53.6416015625,99.74099731445312,58.840919494628906,165.87826538085938,100.84150695800781
2018-09-06,52.750213623046875,97.91549682617188,58.09504318237305,161.2644805908203,101.07388305664062
2018-09-07,52.324623107910156,97.60350036621094,57.76723861694336,161.77049255371094,100.58126831054688
2018-09-10,51.62238311767578,96.95050048828125,57.75780487060547,162.90162658691406,101.66876220703125
2018-09-11,52.92754364013672,99.35749816894531,58.388633728027344,164.64793395996094,103.39764404296875
2018-09-12,52.27024459838867,99.5,57.66755294799805,160.73861694335938,103.83450317382812
2018-09-13,53.5328483581543,99.49349975585938,58.287960052490234,160.10362243652344,104.94991302490234
2018-09-14,52.9251823425293,98.5094985961914,58.14910125732422,161.05613708496094,105.37748718261719
2018-09-17,51.515987396240234,95.40149688720703,57.331809997558594,159.32968139648438,104.23418426513672
2018-09-18,51.601104736328125,97.05249786376953,57.58820724487305,159.0518341064453,105.228759765625
2018-09-19,51.6318473815918,96.32099914550781,58.07768630981445,161.7903594970703,103.8252182006836
2018-09-20,52.02434539794922,97.21499633789062,58.86025619506836,164.72731018066406,105.5633773803711
2018-09-21,51.463966369628906,95.75050354003906,57.8297233581543,161.66136169433594,106.20475769042969
2018-09-24,52.20402908325195,96.71800231933594,58.190757751464844,164.12205505371094,106.58583068847656
2018-09-25,52.535057067871094,98.72750091552734,58.75016403198242,163.6259765625,106.38134002685547
2018-09-26,52.116554260253906,98.74250030517578,58.543861389160156,165.65005493164062,105.94448852539062
2018-09-27,53.187618255615234,100.64900207519531,59.24559783935547,167.52532958984375,106.34416961669922
2018-09-28,53.37441635131836,100.1500015258789,59.18757629394531,163.17947387695312,106.30697631835938
2018-10-01,53.733802795410156,100.21800231933594,59.27882385253906,161.17518615722656,107.45956420898438
2018-10-02,54.21142578125,98.56549835205078,59.516876220703125,158.0894012451172,107.03199005126953
2018-10-03,54.8711051940918,97.63800048828125,59.65771484375,161.16525268554688,107.05057525634766
2018-10-04,53.90642166137695,95.47100067138672,57.93387222290039,157.6131134033203,104.83837890625
2018-10-05,53.03158187866211,94.48249816894531,57.396278381347656,156.10498046875,104.22489166259766
2018-10-08,52.90863800048828,93.22100067138672,56.98069381713867,156.02557373046875,103.03514862060547
2018-10-09,53.6416015625,93.51599884033203,56.47732925415039,156.6705322265625,104.34574127197266
2018-10-10,51.15659713745117,87.76249694824219,53.62078094482422,150.2012939453125,98.67576599121094
2018-10-11,50.704986572265625,85.96800231933594,53.52655029296875,152.1559600830078,98.44342803955078
2018-10-12,52.51613235473633,89.43049621582031,55.052032470703125,152.5429229736328,101.84538269042969
2018-10-15,51.39303207397461,88.04750061035156,54.16778564453125,152.3246612548828,100.01426696777344
2018-10-16,52.52559280395508,90.99800109863281,55.607460021972656,157.54368591308594,103.17456817626953
2018-10-17,52.298614501953125,91.58650207519531,55.33024597167969,158.1787109375,102.90502166748047
2018-10-18,51.076202392578125,88.53600311279297,53.955528259277344,153.7137451171875,100.85081481933594
2018-10-19,51.854087829589844,88.20149993896484,54.37656784057617,152.8505096435547,100.99954223632812
2018-10-22,52.17094039916992,89.46499633789062,54.609657287597656,153.5748291015625,101.90113830566406
2018-10-23,52.66272735595703,88.43499755859375,54.73513412475586,153.18785095214844,100.47899627685547
2018-10-24,50.8563117980957,83.20999908447266,52.10770034790039,144.9028778076172,95.10648345947266
2018-10-25,51.96995162963867,89.1084976196289,54.33243179321289,149.774658203125,100.66493225097656
2018-10-26,51.14241409301758,82.1405029296875,53.13724899291992,144.23809814453125,99.41937255859375
2018-10-29,50.18244934082031,76.94400024414062,50.58867263793945,140.98362731933594,96.52861022949219
2018-10-30,50.433067321777344,76.52100372314453,51.38859939575195,145.08148193359375,96.41707611083984
2018-10-31,51.747703552246094,79.90049743652344,53.400089263916016,150.60812377929688,99.27995300292969
2018-11-01,52.54214096069336,83.27649688720703,53.0643424987793,150.56842041015625,98.45270538330078
2018-11-02,49.056983947753906,83.27649688720703,52.45881652832031,149.1793212890625,98.67576599121094
2018-11-05,47.66435241699219,81.38999938964844,51.58102035522461,147.52230834960938,99.93060302734375
2018-11-06,48.179786682128906,82.1405029296875,52.360618591308594,148.7725067138672,100.12580108642578
2018-11-07,49.640995025634766,87.77449798583984,54.22431945800781,150.35012817382812,104.06690216064453
2018-11-08,49.46779251098633,87.74549865722656,53.679290771484375,146.7186279296875,103.8716812133789
2018-11-09,48.51397705078125,85.62149810791016,52.873409271240234,143.83128356933594,101.84538269042969
2018-11-12,46.07012939453125,81.84249877929688,51.50861740112305,140.44786071777344,99.33573150634766
2018-11-13,45.60983657836914,81.55850219726562,51.38066864013672,141.05307006835938,99.40078735351562
2018-11-14,44.321475982666016,79.95050048828125,51.75806427001953,143.0970458984375,97.99117279052734
2018-11-15,45.415279388427734,80.97200012207031,52.802001953125,142.72994995117188,100.14759826660156
2018-11-16,45.91828155517578,79.67050170898438,52.64231491088867,138.44357299804688,101.09046173095703
2018-11-19,44.098445892333984,75.614501953125,50.58470153808594,130.52569580078125,97.6644515991211
2018-11-20,41.991519927978516,74.77300262451172,50.87035369873047,131.39881896972656,94.94792938232422
2018-11-21,41.944053649902344,75.83650207519531,51.458038330078125,133.77024841308594,96.25482177734375
2018-11-23,40.87873077392578,75.10299682617188,50.777122497558594,130.7042999267578,96.21753692626953
2018-11-26,41.43156051635742,79.06649780273438,52.004051208496094,135.318115234375,99.39146423339844
2018-11-27,41.341400146484375,79.07099914550781,51.795257568359375,133.94883728027344,100.01691436767578
2018-11-28,42.93109130859375,83.88749694824219,53.86923599243164,135.69512939453125,103.73230743408203
2018-11-29,42.60130310058594,83.67849731445312,53.971893310546875,137.6001739501953,102.86414337158203
2018-11-30,42.37113952636719,84.50849914550781,54.27589416503906,139.51515197753906,103.51759338378906
2018-12-03,43.85169219970703,88.61799621582031,54.87101745605469,139.99143981933594,104.6378173828125
2018-12-04,41.92270278930664,83.41999816894531,52.11315155029297,136.8560333251953,101.30516052246094
2018-12-06,41.455284118652344,84.95950317382812,53.001365661621094,138.5428009033203,101.9306411743164
2018-12-07,39.97711181640625,81.45649719238281,51.406951904296875,136.34996032714844,97.85116577148438
2018-12-10,40.240478515625,82.05149841308594,51.55424118041992,140.74549865722656,100.43701171875
2018-12-11,40.01033401489258,82.16200256347656,52.15927505493164,140.9737091064453,101.37052154541016
2018-12-12,40.12185287475586,83.177001953125,52.75091552734375,143.3748779296875,101.82794189453125
2018-12-13,40.560791015625,82.91899871826172,52.66264343261719,143.8809051513672,102.17333221435547
2018-12-14,39.262943267822266,79.59549713134766,51.680702209472656,142.9382781982422,98.98072052001953
2018-12-17,38.897552490234375,76.04550170898438,50.41261672973633,139.09844970703125,96.04945373535156
2018-12-18,39.40293502807617,77.5739974975586,51.016658782958984,142.54139709472656,97.05765533447266
2018-12-19,38.17389678955078,74.75399780273438,50.733978271484375,132.2025604248047,96.79627227783203
2018-12-20,37.21059036254883,73.04149627685547,50.05950927734375,132.36129760742188,94.76122283935547
2018-12-21,35.76325225830078,68.87249755859375,48.57817840576172,123.97708892822266,91.69928741455078
2018-12-24,34.83790588378906,67.197998046875,48.41352844238281,123.09400939941406,87.87187194824219
2018-12-26,37.291263580322266,73.54499816894531,51.549781799316406,133.13523864746094,93.87437438964844
2018-12-27,37.04924774169922,73.08200073242188,51.76898193359375,133.4725799560547,94.45316314697266
2018-12-28,37.068214416503906,73.9010009765625,51.43174743652344,132.1628875732422,93.7156753540039
2018-12-31,37.426490783691406,75.09850311279297,51.35884475708008,130.06927490234375,94.81723022460938
2019-01-02,37.469200134277344,76.95649719238281,51.86668014526367,134.62355041503906,94.39712524414062
2019-01-03,33.73699188232422,75.01399993896484,50.389305114746094,130.7142333984375,90.9244613647461
2019-01-04,35.177215576171875,78.76950073242188,53.09955978393555,136.87586975097656,95.15330505371094
2019-01-07,35.09890365600586,81.47550201416016,52.9844970703125,136.97509765625,95.27466583251953
2019-01-08,35.768001556396484,82.8290023803711,53.375789642333984,141.4202117919922,95.9654541015625
2019-01-09,36.37540817260742,82.97100067138672,53.295448303222656,143.1069793701172,97.33769989013672
2019-01-10,36.491668701171875,82.81099700927734,53.08070373535156,143.0771942138672,96.7122802734375
2019-01-11,36.13340377807617,82.02799987792969,52.42905807495117,142.68032836914062,95.9654541015625
2019-01-14,35.59004592895508,80.8604965209961,51.80915069580078,144.2579345703125,95.26533508300781
2019-01-15,36.318458557128906,83.72799682617188,53.4189338684082,147.79022216796875,98.02851867675781
2019-01-16,36.76214599609375,84.18900299072266,53.60837173461914,146.39117431640625,98.37393188476562
2019-01-17,36.98042678833008,84.66100311279297,54.051239013671875,147.14527893066406,99.06473541259766
2019-01-18,37.20820236206055,84.80999755859375,54.46583557128906,148.8717498779297,100.54901885986328
2019-01-22,36.37302017211914,81.6084976196289,53.09012985229492,146.42098999023438,98.65396881103516
2019-01-23,36.520137786865234,82.0009994506836,53.34056854248047,143.1764373779297,99.61551666259766
2019-01-24,36.23067092895508,82.74649810791016,53.257755279541016,144.6945343017578,99.13941192626953
2019-01-25,37.43124008178711,83.52850341796875,54.10529327392578,147.84976196289062,100.04491424560547
2019-01-28,37.08482360839844,81.89450073242188,53.06830596923828,146.32174682617188,98.09387969970703
2019-01-29,36.70046615600586,79.69400024414062,52.59915542602539,143.06727600097656,96.09615325927734
2019-01-30,39.2083740234375,83.52149963378906,54.00958251953125,149.24876403808594,99.30744171142578
2019-01-31,39.49072265625,85.9365005493164,55.36396026611328,165.39210510253906,97.4870834350586
2019-02-01,39.509700775146484,81.3115005493164,55.08525466918945,164.4197540283203,95.94678497314453
2019-02-04,40.631961822509766,81.66549682617188,56.178775787353516,167.93215942382812,98.7099838256836
2019-02-05,41.32716369628906,82.94049835205078,56.83290100097656,169.8272705078125,100.09160614013672
2019-02-06,41.341400146484375,82.01300048828125,55.307430267333984,169.1625213623047,98.98072052001953
2019-02-07,40.55842971801758,80.71849822998047,54.488162994384766,165.0845184326172,98.2712173461914
2019-02-08,40.60607147216797,79.41100311279297,54.3071403503418,166.027099609375,98.6446304321289
2019-02-11,40.372554779052734,79.55000305175781,54.304664611816406,164.49908447265625,98.25257110595703
2019-02-12,40.72045135498047,81.90049743652344,55.611934661865234,163.7549285888672,99.78353881835938
2019-02-13,40.551265716552734,82.0,55.551918029785156,162.79249572753906,99.70884704589844
2019-02-14,40.69900894165039,81.13249969482422,55.62681198120117,162.67340087890625,99.79287719726562
2019-02-15,40.60846710205078,80.39749908447266,55.22907257080078,161.2347412109375,101.02511596679688
2019-02-19,40.729984283447266,81.37899780273438,55.47257995605469,161.02635192871094,100.97843170166016
2019-02-20,40.99209976196289,81.1050033569336,55.23651123046875,161.2942352294922,100.45342254638672
2019-02-21,40.760955810546875,80.97200012207031,54.40186309814453,158.79385375976562,102.57219696044922
2019-02-22,41.21609115600586,81.5780029296875,55.066410064697266,160.62945556640625,104.03468322753906
2019-02-25,41.51631546020508,81.6500015258789,55.018306732177734,163.33822631835938,104.61595153808594
2019-02-26,41.5401496887207,81.81999969482422,55.30247497558594,162.85202026367188,105.33782958984375
2019-02-27,41.6688346862793,82.05449676513672,55.34809494018555,161.5423126220703,105.1596908569336
2019-02-28,41.258968353271484,81.99150085449219,55.54001998901367,160.19290161132812,105.02845764160156
2019-03-01,41.69266128540039,83.58650207519531,56.584938049316406,161.0164337158203,105.4972152709961
2019-03-04,41.902347564697266,84.80850219726562,56.922672271728516,166.0667724609375,105.24407958984375
2019-03-05,41.82610321044922,84.62149810791016,57.62837219238281,169.926513671875,104.71907806396484
2019-03-06,41.585426330566406,83.44750213623047,57.42157745361328,171.16676330566406,104.76593780517578
2019-03-07,41.10409164428711,81.29750061035156,56.69949722290039,167.81309509277344,103.49095153808594
2019-03-08,41.2017822265625,81.04000091552734,56.65090560913086,168.27943420410156,103.60346221923828
2019-03-11,42.629112243652344,83.53099822998047,58.30928421020508,170.73019409179688,105.77845001220703
2019-03-12,43.10806655883789,83.65499877929688,59.1741828918457,170.58135986328125,106.51908874511719
2019-03-13,43.2986946105957,84.54049682617188,59.18013000488281,172.0200653076172,107.34407806396484
2019-03-14,43.780025482177734,84.31099700927734,58.794795989990234,168.84498596191406,107.4284439086914
2019-03-15,44.349525451660156,85.61799621582031,58.74073791503906,164.6876220703125,108.66594696044922
2019-03-18,44.80227279663086,87.10749816894531,58.73081970214844,159.2205047607422,110.22221374511719
2019-03-19,44.44721984863281,88.09249877929688,59.45438003540039,160.3119659423828,110.29721069335938
2019-03-20,44.83563232421875,89.8635025024414,60.700157165527344,164.15184020996094,110.17535400390625
2019-03-21,46.486934661865234,90.96299743652344,61.0755729675293,164.78683471679688,112.70659637451172
2019-03-22,45.52426528930664,88.2385025024414,59.784175872802734,163.06039428710938,109.73473358154297
2019-03-25,44.973838806152344,88.71299743652344,59.16426467895508,164.99520874023438,110.30660247802734
2019-03-26,44.509178161621094,89.18800354003906,58.748680114746094,166.37437438964844,110.54096984863281
2019-03-27,44.90949630737305,88.28500366210938,58.17340087890625,164.5784912109375,109.47220611572266
2019-03-28,44.96906661987305,88.6709976196289,57.9487419128418,164.26097106933594,109.6222152709961
2019-03-29,45.26216125488281,89.0374984741211,58.187782287597656,165.39210510253906,110.56908416748047
2019-04-01,45.569541931152344,90.70950317382812,59.23518753051758,167.38641357421875,111.58159637451172
2019-04-02,46.23198699951172,90.6989974975586,59.53571701049805,172.84359741210938,111.74095916748047
2019-04-03,46.54890823364258,91.03500366210938,59.80500411987305,172.18873596191406,112.47224426269531
2019-04-04,46.62990951538086,90.94300079345703,60.255306243896484,174.64944458007812,111.90034484863281
2019-04-05,46.94206619262695,91.86399841308594,59.86600112915039,174.3517608642578,112.39720153808594
2019-04-08,47.68075180053711,92.49299621582031,59.70185470581055,173.5679168701172,112.43470001220703
2019-04-09,47.537757873535156,91.79199981689453,59.375038146972656,176.19728088378906,111.82534790039062
2019-04-10,47.80466079711914,92.36650085449219,59.61853790283203,176.43544006347656,112.67848205566406
2019-04-11,47.4067268371582,92.20349884033203,59.74053192138672,176.12782287597656,112.80972290039062
2019-04-12,47.387664794921875,92.15299987792969,60.39764404296875,177.70547485351562,113.39097595214844
2019-04-15,47.47343826293945,92.24349975585938,60.557823181152344,178.2511749267578,113.4847183227539
2019-04-16,47.47821044921875,93.1520004272461,60.856868743896484,177.4772491455078,113.22222137451172
2019-04-17,48.40275192260742,93.24099731445312,61.313621520996094,177.38795471191406,114.15971374511719
2019-04-18,48.576698303222656,93.08450317382812,61.31510543823242,176.891845703125,115.65975189208984
2019-04-22,48.73633575439453,94.3655014038086,61.93353271484375,180.02723693847656,116.02534484863281
2019-04-23,49.43928527832031,96.1884994506836,62.71263122558594,182.34901428222656,117.6003646850586
2019-04-24,49.363040924072266,95.0875015258789,62.288612365722656,181.1583709716797,117.19723510742188
2019-04-25,48.915061950683594,95.11250305175781,62.658084869384766,191.75521850585938,121.07849884033203
2019-04-26,48.68155288696289,97.53150177001953,63.091026306152344,189.99899291992188,121.77224731445312
2019-04-29,48.75542068481445,96.92150115966797,63.85475158691406,193.2633514404297,121.65973663330078
2019-04-30,47.81657409667969,96.32599639892578,58.94010543823242,191.8941192626953,122.4378662109375
2019-05-01,50.16366958618164,95.57599639892578,57.928409576416016,191.52700805664062,119.88786315917969
2019-05-02,49.83723449707031,95.04100036621094,57.657135009765625,191.03089904785156,118.32222747802734
2019-05-03,50.45676803588867,98.12300109863281,58.78736114501953,193.94801330566406,120.84410858154297
2019-05-06,49.677574157714844,97.52749633789062,58.985233306884766,192.37039184570312,120.1409912109375
2019-05-07,48.33840560913086,96.05000305175781,58.22695541381836,188.29238891601562,117.67536926269531
2019-05-08,48.34794616699219,95.88849639892578,57.838645935058594,188.06414794921875,117.6659927368164
2019-05-09,47.8284912109375,94.99349975585938,57.64573287963867,187.1810760498047,117.6566162109375
2019-05-10,47.165889739990234,94.4990005493164,57.739463806152344,186.87351989746094,119.18472290039062
2019-05-13,44.42464065551758,91.13400268554688,56.140594482421875,180.12644958496094,115.6409912109375
2019-05-14,45.12788772583008,92.00599670410156,55.5658073425293,179.32275390625,116.93473815917969
2019-05-15,45.668487548828125,93.55750274658203,57.736488342285156,184.81967163085938,118.58143615722656
2019-05-16,45.46756362915039,95.37850189208984,58.46897506713867,185.53402709960938,121.31967163085938
2019-05-17,45.20922088623047,93.44999694824219,57.64176559448242,183.85719299316406,120.51043701171875
2019-05-20,43.79553985595703,92.94850158691406,56.47881317138672,181.29727172851562,118.76964569091797
2019-05-21,44.635135650634766,92.8759994506836,57.0134162902832,183.38092041015625,119.40947723388672
2019-05-22,43.72138977050781,92.98400115966797,57.102195739746094,183.8770294189453,120.134033203125
2019-05-23,42.97507095336914,90.77400207519531,56.574031829833984,179.46170043945312,118.73201751708984
2019-05-24,42.81001281738281,91.16400146484375,56.21200180053711,179.6501922607422,118.78844451904297
2019-05-28,42.63301086425781,91.82150268554688,56.245723724365234,182.87489318847656,118.71318054199219
2019-05-29,42.429691314697266,90.95950317382812,55.368431091308594,180.77142333984375,117.56520080566406
2019-05-30,42.64976501464844,90.81600189208984,55.44232177734375,181.58499145507812,118.30854797363281
2019-05-31,41.87712860107422,88.75350189208984,54.73215103149414,176.08815002441406,116.37957763671875
2019-06-03,41.45375061035156,84.6344985961914,51.38959503173828,162.87185668945312,112.76622009277344
2019-06-04,42.970279693603516,86.47799682617188,52.22374725341797,166.1957550048828,115.8902359008789
2019-06-05,43.66395950317383,86.92500305175781,51.6866569519043,166.86058044433594,118.40265655517578
2019-06-06,44.3050422668457,87.71800231933594,51.791786193847656,167.0193328857422,120.27519226074219
2019-06-07,45.48430252075195,90.20149993896484,52.86796188354492,172.00021362304688,123.64384460449219
2019-06-10,46.0655632019043,93.03150177001953,53.57912063598633,173.45880126953125,124.77305603027344
2019-06-11,46.59899139404297,93.18499755859375,53.496795654296875,176.71324157714844,124.30255889892578
2019-06-12,46.450679779052734,92.76599884033203,53.41298294067383,173.6770782470703,123.72859191894531
2019-06-13,46.44110870361328,93.51499938964844,53.995201110839844,176.08815002441406,124.50955200195312
2019-06-14,46.10383224487305,93.4834976196289,53.82559585571289,179.91810607910156,124.63190460205078
2019-06-17,46.37892532348633,94.30149841308594,54.18018341064453,187.53826904296875,125.00830078125
2019-06-18,47.46968460083008,95.06849670410156,54.73066329956055,187.0025177001953,127.1819076538086
2019-06-19,47.33094787597656,95.43949890136719,54.66768264770508,186.0201873779297,127.68065643310547
2019-06-20,47.71127700805664,95.90950012207031,55.11848068237305,188.05422973632812,128.86627197265625
2019-06-21,47.54862594604492,95.56500244140625,55.63722229003906,189.65170288085938,128.8851318359375
2019-06-24,47.50078201293945,95.69499969482422,55.321807861328125,191.10035705566406,129.64727783203125
2019-06-25,46.780784606933594,93.91349792480469,53.875186920166016,187.36961364746094,125.55403137207031
2019-06-26,47.792606353759766,94.8915023803711,53.550357818603516,186.19882202148438,126.02449035644531
2019-06-27,47.778255462646484,95.21399688720703,53.36240005493164,188.02450561523438,126.23152923583984
2019-06-28,47.342891693115234,94.68150329589844,53.605403900146484,191.4972381591797,126.05278778076172
2019-07-01,48.211204528808594,96.1094970703125,54.45046615600586,191.4972381591797,127.6712417602539
2019-07-02,48.49346923828125,96.71549987792969,55.110042572021484,193.48167419433594,128.51812744140625
2019-07-03,48.895328521728516,96.94999694824219,55.622344970703125,195.66455078125,129.3461456298828
2019-07-05,48.85226821899414,97.14550018310547,56.11876678466797,194.8707733154297,128.96978759765625
2019-07-08,47.84523010253906,97.61599731445312,55.36297607421875,194.23573303222656,128.875732421875
2019-07-09,48.137054443359375,99.41500091552734,55.78351974487305,197.6588897705078,128.4051971435547
2019-07-10,48.61307144165039,100.87049865722656,56.55964660644531,201.1514892578125,129.71316528320312
2019-07-11,48.25905227661133,100.05349731445312,56.74462890625,199.66314697265625,130.23068237304688
2019-07-12,48.62981414794922,100.55000305175781,56.77885055541992,203.2748260498047,130.70114135742188
2019-07-15,49.0866813659668,101.04949951171875,57.04863357543945,202.32228088378906,130.70114135742188
2019-07-16,48.91685104370117,100.49500274658203,57.209320068359375,202.25282287597656,128.98858642578125
2019-07-17,48.641761779785156,99.60150146484375,56.85075759887695,200.2287139892578,128.22640991210938
2019-07-18,49.19432830810547,98.8949966430664,56.84976577758789,199.21664428710938,128.36758422851562
2019-07-19,48.45996856689453,98.22599792480469,56.04486846923828,196.8155059814453,128.5557403564453
2019-07-22,49.567481994628906,99.28150177001953,56.440128326416016,200.74468994140625,130.25892639160156
2019-07-23,49.95499038696289,99.72450256347656,56.843814849853516,200.7843475341797,131.0681610107422
2019-07-24,49.914329528808594,100.04049682617188,56.4272346496582,203.06643676757812,132.4137420654297
2019-07-25,49.5196418762207,98.69100189208984,56.145050048828125,199.14718627929688,131.9150390625
2019-07-26,49.69187927246094,97.15249633789062,62.01139450073242,198.19468688964844,132.99713134765625
2019-07-29,50.155914306640625,95.62249755859375,61.46586990356445,194.4143524169922,132.70545959472656
2019-07-30,49.940643310546875,94.92649841308594,60.758182525634766,195.50576782226562,132.0656280517578
2019-07-31,50.95964050292969,93.33899688720703,60.338626861572266,192.7176513671875,128.22640991210938
2019-08-01,49.8569221496582,92.76599884033203,59.95824432373047,191.2293243408203,129.9107666015625
2019-08-02,48.802040100097656,91.16200256347656,59.2133674621582,187.54823303222656,128.81924438476562
2019-08-05,46.24734878540039,88.25650024414062,57.146827697753906,180.31500244140625,124.40607452392578
2019-08-06,47.122840881347656,89.3915023803711,58.021156311035156,183.07333374023438,126.73968505859375
2019-08-07,47.61082077026367,89.66999816894531,58.22150421142578,183.70834350585938,127.29486083984375
2019-08-08,48.660911560058594,91.64450073242188,59.74945831298828,188.6793670654297,130.69174194335938
2019-08-09,48.259918212890625,90.37899780273438,58.916805267333984,186.38734436035156,129.58140563964844
2019-08-12,48.13747024536133,89.24600219726562,58.25720977783203,183.9266357421875,127.77471923828125
2019-08-13,50.1760139465332,91.21700286865234,59.37602615356445,186.98265075683594,130.4188690185547
2019-08-14,48.68252182006836,88.14800262451172,57.740455627441406,178.31069946289062,126.49139404296875
2019-08-15,48.44001007080078,88.80599975585938,57.88774490356445,181.16827392578125,126.20819854736328
2019-08-16,49.58293914794922,89.62850189208984,58.400535583496094,182.26962280273438,128.52127075195312
2019-08-19,50.50735855102539,90.80599975585938,59.43455123901367,184.7203826904297,130.6737823486328
2019-08-20,50.509769439697266,90.06900024414062,58.65296173095703,182.37876892089844,129.58804321289062
2019-08-21,51.05721664428711,91.177001953125,59.07748031616211,182.1208038330078,131.03257751464844
2019-08-22,51.01399612426758,90.23300170898438,58.992183685302734,180.62257385253906,130.07901000976562
2019-08-23,48.656105041503906,87.48100280761719,57.09574890136719,176.365966796875,125.93439483642578
2019-08-26,49.58053207397461,88.44349670410156,57.96858596801758,178.95562744140625,127.87925720214844
2019-08-27,49.02107620239258,88.09149932861328,57.916507720947266,179.88833618164062,128.1530303955078
2019-08-28,49.35002517700195,88.2125015258789,58.074214935302734,180.34474182128906,127.98308563232422
2019-08-29,50.185611724853516,89.31999969482422,59.15682601928711,184.12509155273438,130.3999481201172
2019-08-30,50.12078857421875,88.81449890136719,58.9212532043457,184.22427368164062,130.1545867919922
2019-09-03,49.390838623046875,89.49199676513672,57.943782806396484,180.9698486328125,128.4362335205078
2019-09-04,50.22883224487305,90.03099822998047,58.589481353759766,185.68284606933594,129.93739318847656
2019-09-05,51.21089172363281,92.03600311279297,60.07577896118164,189.41358947753906,132.22215270996094
2019-09-06,51.206085205078125,91.67549896240234,59.75590133666992,186.0301513671875,131.3251953125
2019-09-09,51.424583435058594,91.56749725341797,59.73012161254883,187.29025268554688,129.8335418701172
2019-09-10,52.03205871582031,91.02749633789062,59.8089714050293,184.7203826904297,128.47401428222656
2019-09-11,53.68642807006836,91.14949798583984,60.51170349121094,187.02235412597656,128.5117950439453
2019-09-12,53.56637954711914,92.17749786376953,61.20997619628906,186.01028442382812,129.8335418701172
2019-09-13,52.524295806884766,91.96700286865234,61.47331237792969,185.7324676513672,129.64468383789062
2019-09-16,52.800411224365234,90.39199829101562,61.06366729736328,184.77000427246094,128.71002197265625
2019-09-17,52.992515563964844,91.12750244140625,60.9570426940918,186.6155242919922,129.71078491210938
2019-09-18,53.489540100097656,90.87300109863281,61.11872100830078,186.675048828125,130.77764892578125
2019-09-19,53.05494689941406,91.07499694824219,61.43115234375,188.65951538085938,133.1851348876953
2019-09-20,52.27937698364258,89.70800018310547,60.995731353759766,188.45114135742188,131.64620971679688
2019-09-23,52.517093658447266,89.26499938964844,61.199058532714844,185.3653564453125,131.3629608154297
2019-09-24,52.26737976074219,87.08049774169922,60.441776275634766,179.8684844970703,129.70138549804688
2019-09-25,53.071746826171875,88.41649627685547,61.8184700012207,181.3766326904297,131.5706787109375
2019-09-26,52.79801559448242,86.99199676513672,61.564064025878906,178.70758056640625,131.7406463623047
2019-09-27,52.54111099243164,86.27249908447266,60.75570297241211,175.7210235595703,130.03179931640625
2019-09-30,53.77767562866211,86.79550170898438,60.45367431640625,176.69338989257812,131.25918579101562
2019-10-01,53.926551818847656,86.78250122070312,59.764339447021484,174.4410858154297,129.40867614746094
2019-10-02,52.57471466064453,85.6614990234375,58.3524284362793,173.24049377441406,127.12394714355469
2019-10-03,53.021324157714844,86.22100067138672,58.90786361694336,177.98329162597656,128.66285705566406
2019-10-04,54.50761032104492,86.98249816894531,59.95774841308594,179.04493713378906,130.3999481201172
2019-10-07,54.51961135864258,86.63300323486328,59.89228820800781,178.2809295654297,129.45587158203125
2019-10-08,53.88092041015625,85.27549743652344,58.97233963012695,176.365966796875,128.0869140625
2019-10-09,54.51240921020508,86.09950256347656,59.625972747802734,178.4496307373047,130.51327514648438
2019-10-10,55.24715805053711,86.01300048828125,59.94137954711914,178.62823486328125,131.3251953125
2019-10-11,56.716636657714844,86.59600067138672,60.277626037597656,182.75582885742188,131.8727569580078
2019-10-14,56.6349983215332,86.82150268554688,60.36143493652344,181.8529052734375,131.7500457763672
2019-10-15,56.502933502197266,88.36900329589844,61.644405364990234,187.41925048828125,133.6571807861328
2019-10-16,56.27482986450195,88.87149810791016,61.67565155029297,188.07411193847656,132.56201171875
2019-10-17,56.49333953857422,89.3740005493164,62.14330291748047,188.90756225585938,131.88226318359375
2019-10-18,56.76465606689453,87.87550354003906,61.76739501953125,184.4029083251953,129.7296905517578
2019-10-21,57.74911117553711,89.28299713134766,61.80012512207031,188.28245544433594,130.69265747070312
2019-10-22,57.6170539855957,88.2864990234375,61.63399124145508,180.92022705078125,128.74781799316406
2019-10-23,58.39020919799805,88.1084976196289,62.443843841552734,184.7005615234375,129.5692138671875
2019-10-24,58.486263275146484,89.03900146484375,62.53608322143555,184.9287872314453,132.11827087402344
2019-10-25,59.20659255981445,88.06649780273438,62.741397857666016,186.427001953125,132.86412048339844
2019-10-28,59.79966354370117,88.85399627685547,63.974769592285156,187.9252471923828,136.13075256347656
2019-10-29,58.41661834716797,88.135498046875,62.61692428588867,187.83596801757812,134.84671020507812
2019-10-30,58.409420013427734,88.99949645996094,62.550960540771484,186.78419494628906,136.52725219726562
2019-10-31,59.73003387451172,88.83300018310547,62.49243927001953,190.15773010253906,135.3565216064453
2019-11-01,61.42521286010742,89.5719985961914,63.168392181396484,192.1124267578125,135.68699645996094
2019-11-04,61.82859420776367,90.23300170898438,64.042724609375,193.203857421875,136.4706268310547
2019-11-05,61.73976516723633,90.08550262451172,64.07545471191406,192.8069610595703,136.38565063476562
2019-11-06,61.766170501708984,89.78849792480469,64.06402587890625,190.05853271484375,136.00796508789062
2019-11-07,62.47902297973633,89.41000366210938,64.91010284423828,188.9373016357422,136.19679260253906
2019-11-08,62.6500358581543,89.29399871826172,65.0345687866211,189.35406494140625,137.8018035888672
2019-11-11,63.14616012573242,88.5824966430664,64.43052673339844,188.1336212158203,137.94342041015625
2019-11-12,63.088348388671875,88.9000015258789,64.41118621826172,192.95578002929688,138.8497772216797
2019-11-13,63.69282531738281,87.65550231933594,64.37151336669922,191.68576049804688,139.07635498046875
2019-11-14,63.25209045410156,87.7300033569336,65.03902435302734,191.6460418701172,139.78439331054688
2019-11-15,64.00348663330078,86.97450256347656,66.20000457763672,193.58090209960938,141.58763122558594
2019-11-18,64.32618713378906,87.62650299072266,65.49728393554688,195.8629608154297,141.93699645996094
2019-11-19,64.13114166259766,87.6395034790039,65.23741149902344,197.76800537109375,141.9842071533203
2019-11-20,63.384559631347656,87.27649688720703,64.6219482421875,195.97210693359375,141.73789978027344
2019-11-21,63.100379943847656,86.7354965209961,64.53764343261719,196.3888397216797,141.60525512695312
2019-11-22,63.044979095458984,87.28600311279297,64.2396011352539,197.2719268798828,141.70950317382812
2019-11-25,64.15038299560547,88.69200134277344,64.80248260498047,198.23435974121094,143.26307678222656
2019-11-26,63.649478912353516,89.84700012207031,65.14268493652344,197.42076110839844,144.0209503173828
2019-11-27,64.50442504882812,90.92549896240234,65.11491394042969,200.42715454101562,144.29566955566406
2019-11-29,64.36234283447266,90.04000091552734,64.71668243408203,200.06996154785156,143.40513610839844
2019-12-02,63.6181640625,89.08000183105469,63.97079849243164,198.1450653076172,141.6715545654297
2019-12-03,62.48383712768555,88.49800109863281,64.23661804199219,197.2719268798828,141.4442596435547
2019-12-04,63.035335540771484,88.03450012207031,65.48934936523438,197.16278076171875,141.9557647705078
2019-12-05,63.96013259887695,87.02400207519531,65.8657455444336,197.80770874023438,142.0315399169922
2019-12-06,65.19561004638672,87.58000183105469,66.48516082763672,199.4845428466797,143.7556610107422
2019-12-09,64.28286743164062,87.47550201416016,66.6309585571289,199.77230834960938,143.38624572753906
2019-12-10,64.6585693359375,86.96050262451172,66.68553161621094,199.3059539794922,143.16836547851562
2019-12-11,65.21005249023438,87.43599700927734,66.70337677001953,200.68511962890625,143.70828247070312
2019-12-12,65.3762435913086,88.0165023803711,66.96372985839844,195.21804809570312,145.1671905517578
2019-12-13,66.26490020751953,88.0469970703125,66.84272766113281,192.5985870361328,146.38922119140625
2019-12-16,67.39922332763672,88.46050262451172,67.50428771972656,196.37890625,147.33653259277344
2019-12-17,67.53167724609375,89.53299713134766,67.2042465209961,196.8452606201172,146.54078674316406
2019-12-18,67.37032318115234,89.20149993896484,67.08027648925781,200.92324829101562,146.2376251220703
2019-12-19,67.43773651123047,89.61399841308594,67.2498779296875,204.4555206298828,147.507080078125
2019-12-20,67.29808044433594,89.32499694824219,66.93001556396484,204.69366455078125,149.11749267578125
2019-12-23,68.39627075195312,89.6500015258789,66.892822265625,204.57460021972656,149.11749267578125
2019-12-24,68.46128845214844,89.46050262451172,66.6309585571289,203.5228729248047,149.08908081054688
2019-12-26,69.8196029663086,93.4384994506836,67.46611022949219,206.1720733642578,150.31112670898438
2019-12-27,69.7930908203125,93.48999786376953,67.0440673828125,206.4796600341797,150.58584594726562
2019-12-30,70.20732879638672,92.34449768066406,66.26297760009766,202.81837463378906,149.28802490234375
2019-12-31,70.72030639648438,92.39199829101562,66.3066177368164,203.65184020996094,149.39224243164062
2020-01-02,72.3338851928711,94.90049743652344,67.811767578125,208.14654541015625,152.1584014892578
2020-01-03,71.63064575195312,93.74849700927734,67.47899627685547,207.0452423095703,150.26376342773438
2020-01-06,72.20140838623047,95.14399719238281,69.14285278320312,210.9446258544922,150.65216064453125
2020-01-07,71.86184692382812,95.34300231933594,69.09970092773438,211.40106201171875,149.278564453125
2020-01-08,73.01783752441406,94.59850311279297,69.64421844482422,213.5442352294922,151.65634155273438
2020-01-09,74.56880187988281,95.05249786376953,70.41341400146484,216.60025024414062,153.5509796142578
2020-01-10,74.73737335205078,94.15799713134766,70.90438842773438,216.36209106445312,152.84043884277344
2020-01-13,76.3340835571289,94.56500244140625,71.37550354003906,220.18212890625,154.67825317382812
2020-01-14,75.30332946777344,93.47200012207031,70.9614028930664,217.3543243408203,153.5888671875
2020-01-15,74.98062133789062,93.10099792480469,71.37401580810547,219.42807006835938,154.58352661132812
2020-01-16,75.91983795166016,93.89700317382812,71.99393463134766,220.043212890625,157.416015625
2020-01-17,76.76036834716797,93.23600006103516,73.41675567626953,220.41033935546875,158.2970733642578
2020-01-21,76.24017333984375,94.5999984741211,73.6156234741211,219.71580505371094,157.72865295410156
2020-01-22,76.5123062133789,94.37300109863281,73.69248962402344,219.5967559814453,156.97080993652344
2020-01-23,76.88078308105469,94.22899627685547,73.7271957397461,218.04885864257812,157.93702697753906
2020-01-24,76.65923309326172,93.08200073242188,72.73832702636719,216.24307250976562,156.34556579589844
2020-01-27,74.40503692626953,91.41699981689453,71.1111831665039,213.1968994140625,153.73098754882812
2020-01-28,76.5098876953125,92.6624984741211,72.03657531738281,216.09417724609375,156.7434539794922
2020-01-29,78.11144256591797,92.9000015258789,72.33761596679688,221.49183654785156,159.18751525878906
2020-01-30,77.99825286865234,93.53399658203125,72.19924926757812,207.89852905273438,163.67779541015625
2020-01-31,74.53990936279297,100.43599700927734,71.12754821777344,200.33786010742188,161.26214599609375
2020-02-03,74.33517456054688,100.20999908447266,73.69200134277344,202.60012817382812,165.19351196289062
2020-02-04,76.78926849365234,102.4834976196289,71.76432037353516,208.19619750976562,170.63107299804688
2020-02-05,77.4154281616211,101.99349975585938,71.82185363769531,208.47401428222656,170.4227294921875
2020-02-06,78.3209457397461,102.5114974975586,73.21044158935547,209.208251953125,173.9562530517578
2020-02-07,77.25635528564453,103.96399688720703,73.35921478271484,210.67672729492188,174.20249938964844
2020-02-10,77.623291015625,106.69550323486328,74.81973266601562,211.40106201171875,178.7591094970703
2020-02-11,77.1549301147461,107.54000091552734,74.8251953125,205.57675170898438,174.72352600097656
2020-02-12,78.98722076416016,108.0,75.29531860351562,209.11892700195312,174.9793243408203
2020-02-13,78.42474365234375,107.49349975585938,75.1163101196289,211.48040771484375,174.031982421875
2020-02-14,78.444091796875,106.74349975585938,75.41783142089844,212.51231384277344,175.58558654785156
2020-02-18,77.00772094726562,107.78350067138672,75.36475372314453,216.10415649414062,177.3665313720703
2020-02-19,78.12300872802734,108.51100158691406,75.71290588378906,215.79653930664062,177.89849853515625
2020-02-20,77.32154083251953,107.65499877929688,75.28937530517578,212.90919494628906,175.18179321289062
2020-02-21,75.57135772705078,104.79850006103516,73.65082550048828,208.54345703125,169.64382934570312
2020-02-24,71.98169708251953,100.4645004272461,70.50068664550781,199.15713500976562,162.32957458496094
2020-02-25,69.54351806640625,98.63700103759766,68.85719299316406,195.23789978027344,159.65081787109375
2020-02-26,70.64673614501953,98.97949981689453,69.09175872802734,195.66455078125,161.6456298828125
2020-02-27,66.02867126464844,94.21499633789062,65.36783599853516,188.2725372314453,150.25619506835938
2020-02-28,65.99006652832031,94.1875,66.42118072509766,190.9713592529297,153.89437866210938
2020-03-02,72.13377380371094,97.69750213623047,68.8899154663086,194.91046142578125,164.13436889648438
2020-03-03,69.84286499023438,95.44950103759766,66.52335357666016,184.44259643554688,156.26914978027344
2020-03-04,73.08248138427734,98.79149627685547,68.76146697998047,190.2668914794922,162.00660705566406
2020-03-05,70.7119140625,96.20149993896484,65.41495513916016,183.72821044921875,157.9409637451172
2020-03-06,69.77285766601562,95.05449676513672,64.391845703125,179.6799774169922,153.4764404296875
2020-03-09,64.2543716430664,90.03050231933594,60.283077239990234,168.18019104003906,143.07493591308594
2020-03-10,68.88207244873047,94.59100341796875,63.49818420410156,176.80255126953125,152.85894775390625
2020-03-11,66.48976135253906,91.04299926757812,60.275638580322266,168.91444396972656,145.9341583251953
2020-03-12,59.92359161376953,83.83049774169922,55.291561126708984,153.26722717285156,132.093994140625
2020-03-13,67.1029281616211,89.25,60.48987579345703,168.95413208007812,150.87368774414062
2020-03-16,58.470340728759766,84.4574966430664,53.77500915527344,144.87310791015625,128.63636779785156
2020-03-17,61.04129409790039,90.39199829101562,55.5340690612793,148.25653076171875,139.2278289794922
2020-03-18,59.5469970703125,91.5,54.3934326171875,145.81570434570312,133.36688232421875
2020-03-19,59.090755462646484,94.04650115966797,55.31039810180664,151.93765258789062,135.56118774414062
2020-03-20,55.339332580566406,92.30449676513672,53.17940139770508,148.5641632080078,130.4696502685547
2020-03-23,54.163692474365234,95.1415023803711,52.400794982910156,146.94686889648438,129.1682891845703
2020-03-24,59.597686767578125,97.00499725341797,56.2610969543457,159.72654724121094,140.90911865234375
2020-03-25,59.26939010620117,94.29199981689453,54.675621032714844,154.99371337890625,139.56027221679688
2020-03-26,62.38832092285156,97.77449798583984,57.6144905090332,162.0681915283203,148.28993225097656
2020-03-27,59.805301666259766,95.00499725341797,55.08326721191406,155.56915283203125,142.20103454589844
2020-03-30,61.512020111083984,98.19750213623047,56.87406921386719,164.65786743164062,152.20352172851562
2020-03-31,61.38649368286133,97.48600006103516,57.667057037353516,165.50125122070312,149.80975341796875
2020-04-01,58.156524658203125,95.38500213623047,54.83084487915039,158.35731506347656,144.4903106689453
2020-04-02,59.1269645690918,95.94149780273438,55.58564376831055,156.95828247070312,147.48251342773438
2020-04-03,58.2772102355957,95.32949829101562,54.44699478149414,152.97950744628906,146.12413024902344
2020-04-06,63.36119079589844,99.87950134277344,58.86274719238281,164.26097106933594,156.9910430908203
2020-04-07,62.62730026245117,100.58000183105469,58.8424072265625,167.5154266357422,155.3002471923828
2020-04-08,64.23023986816406,102.1500015258789,60.0212287902832,172.9229736328125,156.8580780029297
2020-04-09,64.69371032714844,102.13800048828125,60.079254150390625,173.82589721679688,156.8675537109375
2020-04-13,65.96349334716797,108.44349670410156,60.382259368896484,173.4290313720703,157.21905517578125
2020-04-14,69.29486083984375,114.16600036621094,62.944725036621094,176.78268432617188,164.99871826171875
2020-04-15,68.66239166259766,115.38400268554688,62.60947799682617,175.592041015625,163.2699432373047
2020-04-16,69.20796203613281,120.40950012207031,62.65907669067383,174.87765502929688,168.1714630126953
2020-04-17,68.2688980102539,118.75,63.64002227783203,177.84437561035156,169.65333557128906
2020-04-20,66.85186767578125,119.68049621582031,62.814796447753906,176.8521728515625,166.2906494140625
2020-04-21,64.78546142578125,116.40599822998047,60.321773529052734,169.47006225585938,159.41331481933594
2020-04-22,66.6515121459961,118.17449951171875,62.646175384521484,180.8607177734375,164.82781982421875
2020-04-23,66.3932113647461,119.97250366210938,63.29584503173828,183.68850708007812,162.83297729492188
2020-04-24,68.30994415283203,120.51100158691406,63.44462203979492,188.59005737304688,165.8061981201172
2020-04-27,68.35821533203125,118.80000305175781,63.27452087402344,186.04005432128906,165.33123779296875
2020-04-28,67.25019836425781,115.7040023803711,61.18120193481445,181.4857940673828,161.30364990234375
2020-04-29,69.45903778076172,118.635498046875,66.52780151367188,192.677978515625,168.54193115234375
2020-04-30,70.92432403564453,123.69999694824219,66.8838882446289,203.11607360839844,170.23277282714844
2020-05-01,69.78252410888672,114.302001953125,65.4927978515625,200.69505310058594,165.82521057128906
2020-05-04,70.76982879638672,115.79949951171875,65.7997817993164,203.66175842285156,169.88131713867188
2020-05-05,71.8320083618164,115.88999938964844,67.0053939819336,205.45767211914062,171.7051239013672
2020-05-06,72.57312774658203,117.56300354003906,66.8164291381836,206.84678649902344,173.39593505859375
2020-05-07,73.32389068603516,118.38050079345703,68.06916046142578,209.6150360107422,174.40284729003906
2020-05-08,75.06913757324219,118.98049926757812,68.85322570800781,210.6965789794922,175.4287567138672
2020-05-11,76.25038146972656,120.44999694824219,69.59165954589844,211.5200958251953,177.38555908203125
2020-05-12,75.37897491455078,117.84750366210938,68.22687530517578,208.46409606933594,173.36744689941406
2020-05-13,74.46882629394531,118.39600372314453,66.9171142578125,203.50303649902344,170.7457275390625
2020-05-14,74.92633056640625,119.44249725341797,67.25436401367188,205.19970703125,171.48663330078125
2020-05-15,74.48334503173828,120.48899841308594,68.10041046142578,209.238037109375,173.9849090576172
2020-05-18,76.23826599121094,121.31300354003906,68.6335220336914,211.530029296875,175.64724731445312
2020-05-19,75.79772186279297,122.46649932861328,68.11502075195312,215.19129943847656,174.43136596679688
2020-05-20,77.27186584472656,124.89700317382812,69.76325225830078,228.1793670654297,176.85079956054688
2020-05-21,76.69576263427734,122.33699798583984,69.56884765625,229.58828735351562,174.7266845703125
2020-05-22,77.18955993652344,121.84400177001953,69.94673919677734,233.08090209960938,174.80284118652344
2020-05-26,76.66670989990234,121.09300231933594,70.2740478515625,230.39199829101562,172.95492553710938
2020-05-27,77.00072479248047,120.51950073242188,70.31470489501953,227.35585021972656,173.1835174560547
2020-05-28,77.03463745117188,120.05500030517578,70.25967407226562,223.70449829101562,172.79296875
2020-05-29,76.95958709716797,122.11849975585938,70.86419677734375,223.3373565673828,174.55516052246094
2020-06-01,77.90605163574219,123.552001953125,71.00802612304688,230.10427856445312,174.1550750732422
2020-06-02,78.26671600341797,123.62049865722656,71.37501525878906,230.90794372558594,176.13638305664062
2020-06-03,78.69757080078125,123.91999816894531,71.23416900634766,228.36788940429688,176.5650634765625
2020-06-04,78.01980590820312,123.02999877929688,70.03402709960938,224.52801513671875,174.24081420898438
2020-06-05,80.24188232421875,124.1500015258789,71.33385467529297,228.97314453125,178.31771850585938
2020-06-08,80.71632385253906,126.2030029296875,71.74150848388672,229.59823608398438,179.42269897460938
2020-06-09,83.26518249511719,130.04299926757812,72.21511840820312,236.81161499023438,180.79437255859375
2020-06-10,85.40738677978516,132.37249755859375,72.6956787109375,234.88671875,187.5003662109375
2020-06-11,81.30694580078125,127.89800262451172,69.62042236328125,222.6824951171875,177.43190002441406
2020-06-12,82.00890350341797,127.2509994506836,70.0836181640625,226.8001708984375,178.8321075439453
2020-06-15,83.02310180664062,128.63400268554688,70.41439819335938,230.6896514892578,179.9752197265625
2020-06-16,85.2234115600586,130.7635040283203,71.54859161376953,233.81517028808594,184.38548278808594
2020-06-17,85.10481262207031,132.0489959716797,71.96517181396484,233.69606018066406,185.02374267578125
2020-06-18,85.1386947631836,132.69900512695312,71.21333312988281,234.10287475585938,187.0050506591797
2020-06-19,84.65216827392578,133.75050354003906,71.00306701660156,236.93067932128906,185.8905029296875
2020-06-22,86.86699676513672,135.6909942626953,72.00186920166016,237.3573455810547,191.05340576171875
2020-06-23,88.72115325927734,138.2205047607422,72.62425994873047,240.35385131835938,192.32981872558594
2020-06-24,87.15503692626953,136.72000122070312,71.01546478271484,232.19781494140625,188.452880859375
2020-06-25,88.31205749511719,137.72900390625,71.47965240478516,233.84487915039062,190.83432006835938
2020-06-26,85.59858703613281,134.64349365234375,67.44131469726562,214.3975372314453,187.01458740234375
2020-06-29,87.57140350341797,134.0189971923828,69.18052673339844,218.92201232910156,189.0244598388672
2020-06-30,88.30238342285156,137.9409942626953,70.10494232177734,225.30197143554688,193.85391235351562
2020-07-01,88.13536834716797,143.93499755859375,71.31649780273438,235.70034790039062,194.98739624023438
2020-07-02,88.13536834716797,144.51499938964844,72.63864135742188,231.6024932861328,196.47340393066406
2020-07-06,90.49300384521484,152.8520050048828,74.17601776123047,238.40908813476562,200.70277404785156
2020-07-07,90.21220397949219,150.00599670410156,73.65430450439453,238.98458862304688,198.36895751953125
2020-07-08,92.31327056884766,154.0554962158203,74.19091033935547,241.68338012695312,202.73167419433594
2020-07-09,92.71025085449219,159.13150024414062,74.93429565429688,242.59622192382812,204.1510009765625
2020-07-10,92.87242889404297,160.0,76.45928192138672,243.1617889404297,203.53187561035156
2020-07-13,92.4439697265625,155.1999969482422,74.95165252685547,237.1390838623047,197.2449493408203
2020-07-14,93.97376251220703,154.1999969482422,75.4098892211914,237.86337280273438,198.46426391601562
2020-07-15,94.62007141113281,150.44349670410156,75.06571197509766,238.40908813476562,198.16893005371094
2020-07-16,93.45578002929688,149.9949951171875,75.28193664550781,239.05404663085938,194.24444580078125
2020-07-17,93.2669677734375,148.09849548339844,75.16043853759766,240.1454620361328,193.25379943847656
2020-07-20,95.23246002197266,159.8419952392578,77.64849853515625,243.5090789794922,201.56007385253906
2020-07-21,93.91809844970703,156.9145050048828,77.2864761352539,239.86764526367188,198.84527587890625
2020-07-22,94.18196105957031,154.99549865722656,77.785888671875,238.0022735595703,201.7029266357422
2020-07-23,89.8951187133789,149.32749938964844,75.1668930053711,230.78890991210938,192.92990112304688
2020-07-24,89.67242431640625,150.44549560546875,74.97793579101562,228.91360473632812,191.74874877929688
2020-07-27,91.7977066040039,152.760498046875,75.8869857788086,231.68186950683594,194.17771911621094
2020-07-28,90.28968048095703,150.01649475097656,74.4061279296875,228.3282012939453,192.4346466064453
2020-07-29,92.0203628540039,151.67649841308594,75.48131561279297,231.47348022460938,194.37779235839844
2020-07-30,93.13385772705078,152.593994140625,75.94896697998047,232.67408752441406,194.22535705566406
2020-07-31,102.88390350341797,158.23399353027344,73.54420471191406,251.69482421875,195.28271484375
2020-08-03,105.476318359375,155.59449768066406,73.1221694946289,249.99815368652344,206.26564025878906
2020-08-04,106.18071746826172,156.94149780273438,72.65203094482422,247.88473510742188,203.16983032226562
2020-08-05,106.56558990478516,160.25149536132812,73.08050537109375,247.18026733398438,202.8364715576172
2020-08-06,110.2835922241211,161.25,74.39422607421875,263.21441650390625,206.0846710205078
2020-08-07,107.77619171142578,158.3730010986328,74.11601257324219,266.3498229980469,202.39830017089844
2020-08-10,109.34272003173828,157.4080047607422,74.19585418701172,260.9521789550781,198.36895751953125
2020-08-11,106.09085845947266,154.0334930419922,73.41327667236328,254.1356658935547,193.7300567626953
2020-08-12,109.61671447753906,158.11199951171875,74.71757507324219,257.86639404296875,199.264404296875
2020-08-13,111.55667877197266,158.05099487304688,75.30425262451172,259.2654113769531,198.79762268066406
2020-08-14,111.4572525024414,157.4010009765625,74.77262115478516,259.2059020996094,198.9881591796875
2020-08-17,111.16625213623047,159.12049865722656,75.28096008300781,259.1265563964844,200.30267333984375
2020-08-18,112.09256744384766,165.62449645996094,77.29541015625,260.29736328125,201.45526123046875
2020-08-19,112.23322296142578,163.0240020751953,76.74642181396484,260.5453796386719,200.2330322265625
2020-08-20,114.72364044189453,164.86849975585938,78.44348907470703,266.9153747558594,204.8927764892578
2020-08-21,120.6356201171875,164.23599243164062,78.37752532958984,264.93096923828125,203.40316772460938
2020-08-24,122.07845306396484,165.3730010986328,78.76335906982422,269.27685546875,204.04290771484375
2020-08-25,121.07695770263672,167.32449340820312,79.7562026977539,278.6334533691406,206.69741821289062
2020-08-26,122.72349548339844,172.09249877929688,81.94622802734375,301.54364013671875,211.16612243652344
2020-08-27,121.25640869140625,170.0,81.05107879638672,290.9368591308594,216.3509979248047
2020-08-28,121.05998992919922,170.08999633789062,81.55096435546875,291.3735046386719,218.57582092285156
2020-08-31,125.16539764404297,172.54800415039062,81.04364013671875,290.9170227050781,215.34841918945312
2020-09-01,130.1510467529297,174.95599365234375,82.35934448242188,293.13958740234375,217.0098419189453
2020-09-02,127.45452117919922,176.57249450683594,85.7103271484375,300.1446228027344,221.19212341308594
2020-09-03,117.25041198730469,168.39999389648438,81.42352294921875,288.8532409667969,207.48997497558594
2020-09-04,117.32799530029297,164.7310028076172,78.90419006347656,280.5285949707031,204.57765197753906
2020-09-08,109.43241882324219,157.49200439453125,75.99557495117188,269.0486145019531,193.51084899902344
2020-09-09,113.79731750488281,163.4304962158203,77.21407318115234,271.5887756347656,201.7512664794922
2020-09-10,110.08230590820312,158.7554931640625,75.97722625732422,266.0025329589844,196.09852600097656
2020-09-11,108.63704681396484,155.81100463867188,75.41683197021484,264.5340881347656,194.8190460205078
2020-09-14,111.89617156982422,155.14849853515625,75.34541320800781,264.07763671875,196.13670349121094
2020-09-15,112.07076263427734,157.80650329589844,76.44438934326172,270.29888916015625,199.3545684814453
2020-09-16,108.76313018798828,153.90499877929688,75.42575073242188,261.4681701660156,195.79298400878906
2020-09-17,107.02690124511719,150.43649291992188,74.16759490966797,252.8358917236328,193.74957275390625
2020-09-18,103.63198852539062,147.74549865722656,72.40505981445312,250.56369018554688,191.34336853027344
2020-09-21,106.77468872070312,148.02349853515625,70.97529602050781,246.2178192138672,193.39630126953125
2020-09-22,108.45274353027344,156.44949340820312,72.67633819580078,252.76644897460938,198.05596923828125
2020-09-23,103.9035873413086,149.9929962158203,70.18429565429688,247.08103942871094,191.53428649902344
2020-09-24,104.97056579589844,150.989501953125,70.83296203613281,247.58705139160156,194.0169677734375
2020-09-25,108.90863037109375,154.75650024414062,71.6596908569336,252.8358917236328,198.43792724609375
2020-09-28,111.5081558227539,158.70249938964844,72.62970733642578,254.8203582763672,199.98480224609375
2020-09-29,110.66429138183594,157.24400329589844,72.86824798583984,259.7516174316406,197.9032440185547
2020-09-30,112.3326416015625,157.43649291992188,72.88164520263672,259.8607177734375,200.83460998535156
2020-10-01,113.28321075439453,161.06300354003906,73.8978042602539,264.5539245605469,202.86846923828125
2020-10-02,109.62641906738281,156.25,72.32720184326172,257.916015625,196.88153076171875
2020-10-05,113.00192260742188,159.9600067138672,73.69595336914062,262.5893249511719,200.8823699951172
2020-10-06,109.7622299194336,154.9980010986328,72.0802230834961,256.64599609375,196.6141815185547
2020-10-07,111.62455749511719,159.7845001220703,72.41992950439453,256.11016845703125,200.357177734375
2020-10-08,111.51787567138672,159.52749633789062,73.6915054321289,261.706298828125,201.0733184814453
2020-10-09,113.45780944824219,164.33250427246094,75.14407348632812,262.3908996582031,206.06723022460938
2020-10-12,120.66472625732422,172.14649963378906,77.81861877441406,273.6029357910156,211.40484619140625
2020-10-13,117.46379852294922,172.18150329589844,77.94407653808594,273.9898986816406,212.79893493652344
2020-10-14,117.55110931396484,168.1855010986328,77.76554870605469,269.7035217285156,210.8892364501953
2020-10-15,117.08551788330078,166.9324951171875,77.32169342041016,264.6432189941406,209.74342346191406
2020-10-16,115.44624328613281,163.635498046875,78.01004028320312,263.8593444824219,209.74342346191406
2020-10-19,112.49754333496094,160.36050415039062,76.10567474365234,259.3645935058594,204.5489959716797
2020-10-20,113.98161315917969,160.85049438476562,77.16299438476562,265.4766845703125,204.9595489501953
2020-10-21,113.3608169555664,159.2469940185547,79.01676177978516,276.5597229003906,205.10281372070312
2020-10-22,112.27445220947266,158.82000732421875,80.10881042480469,275.9544372558594,205.18873596191406
2020-10-23,111.58578491210938,160.22000122070312,81.3818588256836,282.5725402832031,206.46824645996094
2020-10-26,111.59548950195312,160.3520050048828,78.87493896484375,274.95233154296875,200.5959014892578
2020-10-27,113.09893035888672,164.31649780273438,79.55982208251953,281.084228515625,203.6227569580078
2020-10-28,107.86105346679688,158.13900756835938,75.21350860595703,265.5858459472656,193.5299835205078
2020-10-29,111.85736083984375,160.55050659179688,77.72388458251953,278.64337158203125,195.4778289794922
2020-10-30,105.5913314819336,151.8074951171875,80.39049530029297,261.0613098144531,193.32945251464844
2020-11-02,105.5040283203125,150.2239990234375,80.63945770263672,259.324951171875,193.19577026367188
2020-11-03,107.12389373779297,152.42050170898438,81.838623046875,263.2342834472656,197.1106414794922
2020-11-04,111.49847412109375,162.05799865722656,86.74433135986328,285.142333984375,206.62103271484375
2020-11-05,115.45596313476562,166.10000610351562,87.4505386352539,292.385498046875,213.20953369140625
2020-11-06,115.32479095458984,165.56849670410156,87.37019348144531,291.12542724609375,213.62010192871094
2020-11-09,113.02198791503906,157.18699645996094,87.43218994140625,276.5993957519531,208.53074645996094
2020-11-10,112.68191528320312,151.75100708007812,86.31089782714844,270.3086853027344,201.48388671875
2020-11-11,116.10211944580078,156.8695068359375,86.92186737060547,274.3272399902344,206.7738037109375
2020-11-12,115.83004760742188,155.51400756835938,86.779541015625,272.9380798339844,205.7139129638672
2020-11-13,115.8786392211914,156.4405059814453,88.12747192382812,274.7935791015625,206.73561096191406
2020-11-16,116.88915252685547,156.55299377441406,88.34369659423828,276.78790283203125,207.42311096191406
2020-11-17,116.00495147705078,156.7830047607422,87.78678131103516,272.8587341308594,204.7781982421875
2020-11-18,114.68350219726562,155.2729949951172,86.62776947021484,269.8523254394531,202.07843017578125
2020-11-19,115.27620697021484,155.8509979248047,87.4778060913086,270.8148498535156,203.36126708984375
2020-11-20,114.0130615234375,154.97000122070312,86.40015411376953,267.6000671386719,201.41783142089844
2020-11-23,110.62201690673828,154.91949462890625,86.03663635253906,266.33990478515625,201.1497802734375
2020-11-24,111.90460205078125,155.9029998779297,87.72379302978516,274.7638244628906,204.7398223876953
2020-11-25,112.74022674560547,159.2534942626953,87.85025024414062,273.44415283203125,204.7494354248047
2020-11-27,113.2843246459961,159.76699829101562,88.92939758300781,275.6468505859375,206.05145263671875
2020-11-30,115.67456817626953,158.40199279785156,87.32012176513672,274.8133850097656,204.94090270996094
2020-12-01,119.24053955078125,161.00399780273438,89.17289733886719,284.3188171386719,206.98960876464844
2020-12-02,119.59031677246094,160.17649841308594,90.65324401855469,285.28125,206.1854705810547
2020-12-03,119.45429229736328,159.3365020751953,90.59471130371094,279.6553955078125,205.10366821289062
2020-12-04,118.78384399414062,158.12899780273438,90.65522003173828,277.52215576171875,205.21853637695312
2020-12-07,120.24132537841797,157.89999389648438,90.23320007324219,283.35638427734375,205.15150451660156
2020-12-08,120.85347747802734,158.864501953125,90.18705749511719,281.1933288574219,206.79818725585938
2020-12-09,118.32717895507812,155.2100067138672,88.4800796508789,275.7560119628906,202.76768493652344
2020-12-10,119.74575805664062,155.07449340820312,88.04367065429688,274.9621887207031,201.5422821044922
2020-12-11,118.9393081665039,155.8209991455078,88.36305236816406,271.4200439453125,204.16546630859375
2020-12-14,118.32717895507812,157.84849548339844,87.28639221191406,272.0550537109375,205.0653533935547
2020-12-15,124.25421905517578,158.25599670410156,87.66873931884766,273.4044494628906,204.99838256835938
2020-12-16,124.18619537353516,162.04800415039062,87.43218994140625,273.5235290527344,209.9287109375
2020-12-17,125.05097961425781,161.8040008544922,86.68333435058594,272.3428039550781,210.06272888183594
2020-12-18,123.06880187988281,160.08250427246094,85.84571838378906,274.2478332519531,209.26817321777344
2020-12-21,124.59431457519531,160.3090057373047,86.26029968261719,270.66595458984375,213.09756469726562
2020-12-22,128.14080810546875,160.3260040283203,85.4732666015625,265.01031494140625,214.38998413085938
2020-12-23,127.24689483642578,159.2635040283203,85.91365814208984,266.0223693847656,211.59454345703125
2020-12-24,128.228271484375,158.63450622558594,86.23451232910156,265.31793212890625,213.25076293945312
2020-12-28,132.8144073486328,164.197998046875,88.08135223388672,274.8431701660156,215.36648559570312
2020-12-29,131.0460205078125,166.10000610351562,87.21992492675781,274.6248779296875,214.59103393554688
2020-12-30,129.92864990234375,164.29249572753906,86.26773834228516,269.75311279296875,212.22634887695312
2020-12-31,128.92787170410156,162.84649658203125,86.88072204589844,271.0331115722656,212.93484497070312
2021-01-04,125.74085998535156,159.3314971923828,85.70834350585938,266.845947265625,208.40652465820312
2021-01-05,127.29547119140625,160.92550659179688,86.33716583251953,268.860107421875,208.60755920410156
2021-01-06,123.0105209350586,156.91900634765625,86.05797576904297,261.2597961425781,203.1985321044922
2021-01-07,127.20802307128906,158.10800170898438,88.63482666015625,266.6474609375,208.98092651367188
2021-01-08,128.30599975585938,159.13499450683594,89.62467956542969,265.48663330078125,210.2542266845703
2021-01-11,125.32304382324219,155.7104949951172,87.61666870117188,254.8401336669922,208.215087890625
2021-01-12,125.1481704711914,156.04150390625,86.61637878417969,249.1349334716797,205.76422119140625
2021-01-13,127.17887878417969,158.29449462890625,87.00569152832031,249.68064880371094,207.1140899658203
2021-01-14,125.25503540039062,156.37350463867188,86.30048370361328,243.72738647460938,203.9357147216797
2021-01-15,123.53522491455078,155.21249389648438,86.10260009765625,249.40283203125,203.5814666748047
2021-01-19,124.20564270019531,156.03799438476562,88.8138427734375,259.0669860839844,207.2097930908203
2021-01-20,128.28652954101562,163.16900634765625,93.57674407958984,265.3973083496094,214.77293395996094
2021-01-21,132.9893035888672,165.34950256347656,93.79248046875,270.7453308105469,215.3760528564453
2021-01-22,135.126953125,164.6114959716797,94.27848052978516,272.36260986328125,216.31431579589844
2021-01-25,138.8677978515625,164.6999969482422,94.1966552734375,275.8453674316406,219.7415771484375
2021-01-26,139.1010284423828,166.30650329589844,95.08139038085938,279.8538513183594,222.42222595214844
2021-01-27,138.0321807861328,161.62899780273438,90.79409790039062,270.0210266113281,222.96788024902344
2021-01-28,133.20309448242188,161.88099670410156,92.39692687988281,262.9366455078125,228.7407684326172
2021-01-29,128.2185821533203,160.30999755859375,91.0395736694336,256.3185729980469,222.0679931640625
2021-02-01,130.3367462158203,167.1439971923828,94.29336547851562,259.9698791503906,229.42999267578125
2021-02-02,131.1626739501953,169.0,95.59071350097656,265.0004577636719,229.2960205078125
2021-02-03,130.14244079589844,165.62649536132812,102.6606674194336,264.5737609863281,232.6371612548828
2021-02-04,133.49459838867188,166.5500030517578,102.27880859375,264.4150085449219,231.6894073486328
2021-02-05,133.0810089111328,167.6074981689453,104.04579162597656,266.0124206542969,231.87132263183594
2021-02-08,133.2269744873047,166.14700317382812,103.7933578491211,264.5043640136719,232.12977600097656
2021-02-09,132.3511962890625,165.25,103.32718658447266,267.35198974609375,233.3743438720703
2021-02-10,131.74786376953125,164.32899475097656,103.91586303710938,269.75311279296875,232.46487426757812
2021-02-11,131.494873046875,163.10650634765625,103.941162109375,268.28466796875,234.0636749267578
2021-02-12,131.7283935546875,163.885498046875,104.34880065917969,268.3938293457031,234.54232788085938
2021-02-16,129.60707092285156,163.44749450683594,105.23106384277344,271.83673095703125,233.3073272705078
2021-02-17,127.32027435302734,165.4320068359375,105.5489501953125,271.43988037109375,234.32443237304688
2021-02-18,126.22067260742188,166.4114990234375,104.99797058105469,267.2924499511719,233.93104553222656
2021-02-19,126.3763656616211,162.4949951171875,104.20152282714844,259.52337646484375,231.22508239746094
2021-02-22,122.61048126220703,159.03700256347656,102.40327453613281,258.302978515625,225.02633666992188
2021-02-23,122.47425842285156,159.72500610351562,102.69984436035156,263.7899169921875,223.8364715576172
2021-02-24,121.97793579101562,157.97650146484375,103.90543365478516,262.2519836425781,225.06471252441406
2021-02-25,117.7352523803711,152.85800170898438,100.74092102050781,252.70687866210938,219.7295379638672
2021-02-26,117.99797821044922,154.64649963378906,101.01367950439453,255.6140899658203,222.98243713378906
2021-03-01,124.3523178100586,157.3070068359375,103.22801971435547,262.8473205566406,227.3580780029297
2021-03-02,121.75414276123047,154.72650146484375,102.94681549072266,256.98333740234375,224.41221618652344
2021-03-03,118.77645111083984,150.25,100.51032257080078,253.42127990722656,218.35740661621094
2021-03-04,116.89839935302734,148.8784942626953,101.62020111083984,255.6339111328125,217.56094360351562
2021-03-05,118.15367889404297,150.0229949951172,104.56849670410156,262.2221984863281,222.23397827148438
2021-03-08,113.22978973388672,147.59750366210938,100.38435363769531,253.32205200195312,218.1942901611328
2021-03-09,117.8325424194336,153.1425018310547,101.79924011230469,263.67083740234375,224.3258514404297
2021-03-10,116.75242614746094,152.8820037841797,101.91478729248047,262.83734130859375,223.02084350585938
2021-03-11,118.67916870117188,155.67950439453125,104.87747955322266,271.7474670410156,227.54034423828125
2021-03-12,117.77417755126953,154.47450256347656,102.25647735595703,266.3101806640625,226.2161865234375
2021-03-15,120.654541015625,154.08399963378906,102.48312377929688,271.6184997558594,225.31419372558594
2021-03-16,122.19204711914062,154.59300231933594,103.77403259277344,277.10540771484375,228.09690856933594
2021-03-17,121.4038314819336,156.7864990234375,103.70260620117188,281.7986145019531,227.45401000976562
2021-03-18,117.2876205444336,151.39950561523438,100.98194885253906,276.4505615234375,221.3896026611328
2021-03-19,116.76215362548828,153.7480010986328,101.32810974121094,287.8510437011719,221.03457641601562
2021-03-22,120.07068634033203,155.5435028076172,101.09947967529297,291.25439453125,226.4464569091797
2021-03-23,119.24354553222656,156.875,101.81214141845703,288.3670349121094,227.97218322753906
2021-03-24,116.85944366455078,154.35350036621094,101.42034149169922,279.94317626953125,225.9379119873047
2021-03-25,117.34601593017578,152.31300354003906,101.38562774658203,276.5696716308594,222.94407653808594
2021-03-26,117.94933319091797,152.60150146484375,100.94872283935547,280.8162841796875,226.9166717529297
2021-03-29,118.12447357177734,153.7864990234375,101.96040344238281,288.55560302734375,225.726806640625
2021-03-30,116.6745834350586,152.76449584960938,101.94007873535156,285.75750732421875,222.47393798828125
2021-03-31,118.86405944824219,154.70399475097656,102.58924865722656,292.2366943359375,226.2353057861328
2021-04-01,119.69119262695312,158.0500030517578,106.01710510253906,296.3345031738281,232.54925537109375
2021-04-05,122.5131607055664,161.3365020751953,110.3713607788086,306.50469970703125,238.9974822998047
2021-04-06,122.81481170654297,161.1909942626953,110.3316879272461,303.87530517578125,237.83645629882812
2021-04-07,124.45935821533203,163.96949768066406,111.56803894042969,310.65216064453125,239.79393005371094
2021-04-08,126.8531723022461,164.96499633789062,112.34962463378906,310.58270263671875,243.00851440429688
2021-04-09,129.4221649169922,168.61000061035156,113.36328887939453,310.0270690917969,245.5033416748047
2021-04-12,127.70951843261719,168.96949768066406,111.82144927978516,309.11419677734375,245.5609130859375
2021-04-13,130.8136749267578,170.0,112.44038391113281,307.34808349609375,248.0365447998047
2021-04-14,128.47824096679688,166.64999389648438,111.82392120361328,300.462158203125,245.2538299560547
2021-04-15,130.8817901611328,168.95449829101562,113.89790344238281,305.4231872558594,249.00572204589844
2021-04-16,130.55093383789062,169.9720001220703,113.95246887207031,303.7958984375,250.19554138183594
2021-04-19,131.21267700195312,168.60049438476562,114.18257904052734,299.8865966796875,248.27645874023438
2021-04-20,129.5292205810547,166.7344970703125,113.74764251708984,300.29345703125,247.8158721923828
2021-04-21,129.9087371826172,168.1009979248047,113.73078155517578,299.12261962890625,250.04205322265625
2021-04-22,128.3907012939453,165.45199584960938,112.47261047363281,294.211181640625,246.76995849609375
2021-04-23,130.70668029785156,167.04400634765625,114.82231140136719,298.7853088378906,250.5889892578125
2021-04-26,131.0959014892578,170.4499969482422,115.3896484375,300.680419921875,250.9728240966797
2021-04-27,130.77479553222656,170.8715057373047,114.4166488647461,301.206298828125,251.3758544921875
2021-04-28,129.98655700683594,172.9250030517578,118.0265121459961,304.7088317871094,244.2655029296875
2021-04-29,129.88922119140625,173.5655059814453,120.50515747070312,326.9443359375,242.29843139648438
2021-04-30,127.92359924316406,173.37100219726562,119.52469635009766,322.54876708984375,241.98170471191406
2021-05-03,128.9745635986328,169.32449340820312,118.78329467773438,320.0682373046875,241.67466735839844
2021-05-04,124.41072082519531,165.593505859375,116.75395965576172,315.881103515625,237.769287109375
2021-05-05,124.65399169921875,163.52699279785156,116.87744140625,312.56707763671875,236.5026397705078
2021-05-06,126.24989318847656,165.31849670410156,118.09791564941406,317.5282287597656,239.63082885742188
2021-05-07,126.92245483398438,164.58050537109375,118.95787048339844,316.59552001953125,242.2504119873047
2021-05-10,123.64727783203125,159.52450561523438,116.12957763671875,303.5876159667969,237.18394470214844
2021-05-11,122.73101806640625,161.19549560546875,114.49797058105469,304.14324951171875,236.2723388671875
2021-05-12,119.67030334472656,157.5970001220703,111.04235076904297,300.1942443847656,229.33474731445312
2021-05-13,121.81475067138672,158.07350158691406,112.17752838134766,302.8830871582031,233.2017822265625
2021-05-14,124.23213195800781,161.14500427246094,114.86495971679688,313.4799499511719,238.1147003173828
2021-05-17,123.08192443847656,163.51950073242188,115.12533569335938,313.0036926269531,235.26483154296875
2021-05-18,121.69776916503906,161.61399841308594,114.23365020751953,307.5465393066406,233.249755859375
2021-05-19,121.54182434082031,161.58999633789062,114.49551391601562,311.14825439453125,233.82681274414062
2021-05-20,124.09565734863281,162.38400268554688,116.84520721435547,316.12921142578125,237.05838012695312
2021-05-21,122.26313781738281,160.1540069580078,116.30017852783203,313.7677001953125,235.79843139648438
2021-05-24,123.89098358154297,162.24949645996094,119.3536148071289,322.102294921875,241.1940155029297
2021-05-25,123.6960220336914,162.95249938964844,119.4726333618164,325.23773193359375,242.09812927246094
2021-05-26,123.64727783203125,163.25799560546875,120.6856689453125,325.10870361328125,241.8769073486328
2021-05-27,122.1169204711914,161.5054931640625,119.14732360839844,330.1590270996094,239.78021240234375
2021-05-28,121.46383666992188,161.15350341796875,119.59613037109375,326.1703796386719,240.13604736328125
2021-06-01,121.14217376708984,160.9324951171875,120.50119018554688,326.5672607421875,237.94320678710938
2021-06-02,121.9024658203125,161.69949340820312,120.07815551757812,326.58709716796875,237.84701538085938
2021-06-03,120.42084503173828,159.35049438476562,119.25144958496094,323.5013427734375,236.3178253173828
2021-06-04,122.71151733398438,160.31100463867188,121.5897445678711,327.7778015136719,241.20359802246094
2021-06-07,122.72126007080078,159.90049743652344,122.30040740966797,333.959228515625,244.10816955566406
2021-06-08,123.54005432128906,163.20550537109375,123.131591796875,331.0818176269531,242.9156494140625
2021-06-09,123.92019653320312,164.0574951171875,123.55561065673828,327.67852783203125,243.8966064453125
2021-06-10,122.92595672607422,167.4824981689453,125.05331420898438,329.871337890625,247.40707397460938
2021-06-11,124.13465118408203,167.3415069580078,124.6729507446289,328.6806945800781,248.03225708007812
2021-06-14,127.18560791015625,169.19349670410156,125.32310485839844,334.14776611328125,249.95579528808594
2021-06-15,126.3668441772461,169.156494140625,125.00670623779297,334.1279602050781,248.48422241210938
2021-06-16,126.86395263671875,170.7624969482422,124.6729507446289,328.5020446777344,247.54171752929688
2021-06-17,128.4625701904297,174.46200561523438,125.34195709228516,333.8898010253906,250.9272003173828
2021-06-18,127.1661376953125,174.34500122070312,124.54499053955078,327.0931396484375,249.5133514404297
2021-06-21,128.95968627929688,172.697998046875,125.42526245117188,329.70269775390625,252.59109497070312
2021-06-22,130.5972442626953,175.27200317382812,125.96533966064453,336.3902282714844,255.36094665527344
2021-06-23,130.32435607910156,175.1909942626953,125.43170928955078,337.9380187988281,255.13015747070312
2021-06-24,130.04164123535156,172.45399475097656,126.24554443359375,340.5078430175781,256.49591064453125
2021-06-25,129.74923706054688,170.072998046875,125.96086120605469,338.71197509765625,254.8896942138672
2021-06-28,131.37704467773438,172.1945037841797,125.78679656982422,352.8708801269531,258.44818115234375
2021-06-29,132.887939453125,172.40699768066406,124.99231719970703,349.1500549316406,261.0258483886719
2021-06-30,133.5020294189453,172.00799560546875,124.2955551147461,345.0026550292969,260.5448913574219
2021-07-01,133.80421447753906,171.64849853515625,125.33946228027344,351.630615234375,261.2181396484375
2021-07-02,136.42626953125,175.5489959716797,127.67083740234375,351.93817138671875,267.036865234375
2021-07-06,138.4342498779297,183.78700256347656,128.71424865722656,350.03314208984375,267.0465393066406
2021-07-07,140.919921875,184.82899475097656,129.01828002929688,347.76092529296875,269.2297058105469
2021-07-08,139.62347412109375,186.57049560546875,128.1251220703125,342.9585876464844,266.8157043457031
2021-07-09,141.4462432861328,185.9669952392578,128.5193328857422,347.6915283203125,267.3158874511719
2021-07-12,140.8516387939453,185.92750549316406,129.50079345703125,350.41015625,266.71954345703125
2021-07-13,141.96287536621094,183.8679962158203,129.9278106689453,349.3485107421875,270.2396545410156
2021-07-14,145.3842315673828,184.08399963378906,131.0069580078125,344.9232482910156,271.71112060546875
2021-07-15,144.7311248779297,181.55999755859375,130.19757080078125,341.77789306640625,270.2877502441406
2021-07-16,142.69393920898438,178.68150329589844,130.77188110351562,338.50360107421875,270.0183410644531
2021-07-19,138.85340881347656,177.47950744628906,128.2014923095703,334.326416015625,266.42138671875
2021-07-20,142.45999145507812,178.6595001220703,130.033935546875,338.9997253417969,268.6430358886719
2021-07-21,141.7289581298828,179.25999450683594,131.52072143554688,343.5341491699219,270.6435852050781
2021-07-22,143.0935821533203,181.90150451660156,132.24278259277344,348.45550537109375,275.202392578125
2021-07-23,144.80917358398438,182.83200073242188,136.69375610351562,366.91070556640625,278.59747314453125
2021-07-26,145.22825622558594,184.99099731445312,138.5073699951172,369.55987548828125,278.0011291503906
2021-07-27,143.0643310546875,181.3195037841797,135.68252563476562,364.9460754394531,275.5871276855469
2021-07-28,141.31951904296875,181.51600646972656,135.27093505859375,370.3735046386719,275.2792663574219
2021-07-29,141.96287536621094,179.99600219726562,135.4286346435547,355.52996826171875,275.5486145019531
2021-07-30,142.17730712890625,166.37950134277344,134.11988830566406,353.5256652832031,274.0193786621094
2021-08-02,141.84591674804688,166.57400512695312,134.88214111328125,349.2096252441406,273.9328918457031
2021-08-03,143.63943481445312,168.31199645996094,135.17025756835938,348.50506591796875,276.1448974609375
2021-08-04,143.23980712890625,167.73599243164062,134.9208221435547,356.1253662109375,275.5581970214844
2021-08-05,143.34701538085938,168.79949951171875,135.82489013671875,360.1437683105469,278.4531555175781
2021-08-06,142.6636505126953,167.2469940185547,135.9200897216797,360.6795654296875,278.39544677734375
2021-08-09,142.61483764648438,167.093505859375,136.87823486328125,358.79437255859375,277.30865478515625
2021-08-10,142.1365203857422,166.03399658203125,136.97198486328125,358.3181457519531,275.4909362792969
2021-08-11,142.39031982421875,164.60549926757812,136.56826782226562,357.1571960449219,275.9814147949219
2021-08-12,145.34823608398438,165.1750030517578,137.26255798339844,359.8262634277344,278.7320861816406
2021-08-13,145.55328369140625,164.69850158691406,137.27894592285156,360.3521728515625,281.65594482421875
2021-08-16,147.5251922607422,164.94949340820312,137.7847900390625,363.705810546875,283.3389587402344
2021-08-17,146.61732482910156,162.09800720214844,136.1824493408203,355.65899658203125,281.8770446777344
2021-08-18,142.87844848632812,160.06100463867188,135.45791625976562,352.682373046875,280.1522216796875
2021-08-19,143.21035766601562,159.3874969482422,135.79861450195312,352.3548889160156,285.9725036621094
2021-08-20,144.66490173339844,159.99749755859375,137.30970764160156,356.57183837890625,293.2862854003906
2021-08-23,146.1488037109375,163.2935028076172,139.95053100585938,360.5208435058594,293.5657958984375
2021-08-24,146.06088256835938,165.28900146484375,141.23892211914062,362.6640319824219,291.60955810546875
2021-08-25,144.83087158203125,164.95899963378906,141.78594970703125,365.5215759277344,291.0218505859375
2021-08-26,144.0303497314453,165.8000030517578,140.96568298339844,361.5428466796875,288.2080383300781
2021-08-27,145.0651397705078,167.48150634765625,143.3734130859375,369.7285461425781,288.8151550292969
2021-08-30,149.47764587402344,171.07850646972656,144.28492736816406,377.6960144042969,292.5443115234375
2021-08-31,148.21832275390625,173.5395050048828,144.27748107910156,376.426025390625,290.8965759277344
2021-09-01,148.88211059570312,173.9499969482422,144.65440368652344,379.0752258300781,290.8483581542969
2021-09-02,149.9950408935547,173.156005859375,143.0446014404297,372.3579406738281,290.1931457519531
2021-09-03,150.6295623779297,173.90249633789062,143.59608459472656,373.3302917480469,290.18353271484375
2021-09-07,152.96273803710938,175.46449279785156,144.3340301513672,379.2041931152344,289.2583923339844
2021-09-08,151.4203643798828,176.27499389648438,143.70370483398438,374.6300964355469,289.2873229980469
2021-09-09,150.40501403808594,174.20799255371094,143.73345947265625,375.0567932128906,286.4350280761719
2021-09-10,145.4263153076172,173.45750427246094,140.7653350830078,375.74139404296875,284.9509582519531
2021-09-13,145.9925537109375,172.85850524902344,142.29673767089844,373.5783386230469,286.1844482421875
2021-09-14,144.59657287597656,172.5,142.23822021484375,373.59820556640625,288.8825988769531
2021-09-15,145.48492431640625,173.7895050048828,144.0235595703125,371.0085144042969,293.7296142578125
2021-09-16,145.25059509277344,174.41200256347656,143.19786071777344,370.1551818847656,294.11505126953125
2021-09-17,142.5855712890625,173.12600708007812,140.31155395507812,361.88018798828125,288.9596862792969
2021-09-20,139.53977966308594,167.7864990234375,137.8849639892578,352.9303894042969,283.59234619140625
2021-09-21,140.0181427001953,167.18150329589844,138.50933837890625,354.696533203125,284.07415771484375
2021-09-22,142.38059997558594,169.00250244140625,139.7908477783203,340.53759765625,287.7165832519531
2021-09-23,143.33724975585938,170.8000030517578,140.67160034179688,343.2662353515625,288.6609802246094
2021-09-24,143.4250946044922,171.2760009765625,141.4715118408203,350.21173095703125,288.4585876464844
2021-09-27,141.9119873046875,170.2899932861328,140.34873962402344,350.826904296875,283.4670715332031
2021-09-28,138.53427124023438,165.79800415039062,135.07504272460938,337.9975280761719,273.20452880859375
2021-09-29,139.43243408203125,165.05599975585938,133.4255828857422,336.9656677246094,273.6671142578125
2021-09-30,138.13401794433594,164.2519989013672,132.18031311035156,336.7474365234375,271.66278076171875
2021-10-01,139.2566680908203,164.16299438476562,135.35128784179688,340.3392333984375,278.5815734863281
2021-10-04,135.83016967773438,159.48899841308594,132.67575073242188,323.6899108886719,272.8094482421875
2021-10-05,137.75331115722656,161.0500030517578,135.068115234375,330.3674621582031,278.2539367675781
2021-10-06,138.62213134765625,163.10049438476562,136.2355194091797,331.0422058105469,282.445556640625
2021-10-07,139.88148498535156,165.1215057373047,138.05209350585938,326.6565246582031,284.1222839355469
2021-10-08,139.500732421875,164.43099975585938,138.91551208496094,327.4800720214844,284.1222839355469
2021-10-11,139.41285705566406,162.31500244140625,137.71685791015625,322.9159240722656,283.52490234375
2021-10-12,138.143798828125,162.3665008544922,135.5997314453125,321.2489929199219,282.22406005859375
2021-10-13,137.55807495117188,164.21400451660156,136.77708435058594,322.0130310058594,285.52923583984375
2021-10-14,140.3402557373047,164.9929962158203,140.26048278808594,325.9719543457031,291.73486328125
2021-10-15,141.39463806152344,170.4510040283203,140.52130126953125,322.2313537597656,293.14178466796875
2021-10-18,143.06393432617188,172.33700561523438,141.7963409423828,332.7289123535156,296.1097717285156
2021-10-19,145.22134399414062,172.20750427246094,142.65086364746094,337.3427429199219,297.0155944824219
2021-10-20,145.70947265625,170.7530059814453,141.25527954101562,338.1265869140625,296.2254333496094
2021-10-21,145.92420959472656,171.75050354003906,141.6178436279297,339.2179870605469,299.4535217285156
2021-10-22,145.1529998779297,166.77749633789062,137.4961700439453,322.08245849609375,297.91168212890625
2021-10-25,145.1041717529297,166.01849365234375,137.64297485351562,326.1306457519531,296.91912841796875
2021-10-26,145.76803588867188,168.80349731445312,138.53465270996094,313.3509826660156,298.8271789550781
2021-10-27,145.30918884277344,169.62449645996094,145.23512268066406,309.7889099121094,311.4119873046875
2021-10-28,148.9407196044922,172.32850646972656,144.93905639648438,314.4523620605469,312.5491027832031
2021-10-29,146.23660278320312,168.6215057373047,147.0631103515625,321.0505065917969,319.5545654296875
2021-11-01,145.4165802001953,165.90550231933594,142.60324096679688,327.4106750488281,317.38641357421875
2021-11-02,146.45138549804688,165.6374969482422,144.67523193359375,325.5254211425781,321.00958251953125
2021-11-03,147.8863983154297,169.1999969482422,145.5946807861328,329.0378723144531,321.84796142578125
2021-11-04,147.36898803710938,173.85000610351562,147.47225952148438,333.2349853515625,324.1991882324219
2021-11-05,147.8969268798828,175.94949340820312,148.0257110595703,338.4737854003906,323.83294677734375
2021-11-08,147.07569885253906,174.44900512695312,148.1353302001953,335.9833679199219,324.7291564941406
2021-11-09,147.43746948242188,178.81149291992188,148.03317260742188,332.7586975097656,323.7269592285156
2021-11-10,144.61207580566406,174.1024932861328,145.4320068359375,325.0888977050781,318.7643737792969
2021-11-11,144.56317138671875,173.625,145.55300903320312,325.1880187988281,320.33502197265625
2021-11-12,146.63580322265625,176.25750732421875,148.42691040039062,338.2357177734375,324.4689636230469
2021-11-15,146.6455841064453,177.28399658203125,148.17153930664062,344.8537292480469,323.8426513671875
2021-11-16,147.62319946289062,177.03500366210938,147.862060546875,340.28955078125,327.1574401855469
2021-11-17,150.0574951171875,177.4499969482422,147.84817504882812,338.1165771484375,327.3794860839844
2021-11-18,154.33956909179688,184.80299377441406,149.48178100585938,336.05279541015625,329.45501708984375
2021-11-19,156.9596405029297,183.82850646972656,148.73141479492188,342.61138916015625,331.2313537597656
2021-11-22,157.41912841796875,178.6284942626953,145.88084411621094,338.3548278808594,328.06494140625
2021-11-23,157.8004150390625,179.0019989013672,145.56195068359375,334.6240234375,325.9893493652344
2021-11-24,158.3185577392578,179.02049255371094,145.52276611328125,338.40435791015625,326.2113952636719
2021-11-26,153.30328369140625,175.22799682617188,141.6431121826172,330.5262451171875,318.2663269042969
2021-11-29,156.65658569335938,178.07850646972656,144.9241943359375,335.3979797363281,324.97564697265625
2021-11-30,161.60337829589844,175.35350036621094,141.29200744628906,321.93359375,319.1447448730469
2021-12-01,161.08526611328125,172.18600463867188,140.46478271484375,308.18157958984375,318.6524963378906
2021-12-02,160.09783935546875,171.8679962158203,142.605712890625,307.97314453125,318.0829162597656
2021-12-03,158.22076416015625,169.489501953125,141.3599395751953,304.4508056640625,311.8272399902344
2021-12-06,161.62295532226562,171.36849975585938,142.6255340576172,315.3949279785156,314.8971862792969
2021-12-07,167.35194396972656,176.1645050048828,146.83102416992188,320.29644775390625,323.32489013671875
2021-12-08,171.16468811035156,176.1580047607422,147.50946044921875,327.98614501953125,323.3731994628906
2021-12-09,170.65634155273438,174.17100524902344,146.8999786376953,327.251953125,321.5679626464844
2021-12-10,175.4369354248047,172.21200561523438,147.46435546875,327.1824645996094,330.6811218261719
2021-12-13,171.80992126464844,169.5675048828125,145.50985717773438,331.8855285644531,327.6497497558594
2021-12-14,170.43145751953125,169.0915069580078,143.7899932861328,331.1413269042969,316.97271728515625
2021-12-15,175.2903289794922,173.31500244140625,146.16847229003906,338.9997253417969,323.0642395019531
2021-12-16,168.40773010253906,168.87100219726562,143.6590576171875,332.2923278808594,313.65179443359375
2021-12-17,167.31280517578125,170.0175018310547,141.64015197753906,331.1910095214844,312.5898132324219
2021-12-20,165.9539031982422,167.07899475097656,141.24191284179688,322.9159240722656,308.8345947265625
2021-12-21,169.12144470214844,170.41700744628906,143.04608154296875,331.5978088378906,315.9590759277344
2021-12-22,171.71217346191406,171.03700256347656,145.75238037109375,327.876953125,321.66448974609375
2021-12-23,172.33786010742188,171.06849670410156,145.94430541992188,332.62969970703125,323.1028137207031
2021-12-27,176.29733276367188,169.66949462890625,146.85829162597656,343.4845275878906,330.59417724609375
2021-12-28,175.2805633544922,170.66099548339844,145.2554473876953,343.5242004394531,329.435791015625
2021-12-29,175.3685302734375,169.2010040283203,145.31150817871094,340.269775390625,330.11151123046875
2021-12-30,174.2149200439453,168.64450073242188,144.8135986328125,341.6786193847656,327.57257080078125
2021-12-31,173.59902954101562,166.7169952392578,143.50135803222656,333.7310791015625,324.6764831542969
2022-01-03,177.93971252441406,170.4044952392578,143.8931427001953,335.9040222167969,323.1607971191406
2022-01-04,175.68138122558594,167.52200317382812,143.24050903320312,333.9096374511719,317.6195373535156
2022-01-05,171.0082550048828,164.35699462890625,136.53257751464844,321.6458740234375,305.4267883300781
2022-01-06,168.15359497070312,163.25399780273438,136.43089294433594,329.871337890625,303.0133361816406
2022-01-07,168.3197784423828,162.5540008544922,135.88885498046875,329.20660400390625,303.1677551269531
2022-01-10,168.33934020996094,161.48599243164062,137.44558715820312,325.5155334472656,303.38983154296875
2022-01-11,171.16468811035156,165.36199951171875,138.8773193359375,331.7664794921875,304.07525634765625
2022-01-12,171.60459899902344,165.20700073242188,140.49453735351562,330.6651306152344,307.2513122558594
2022-01-13,168.33934020996094,161.21400451660156,137.998046875,323.9379577636719,294.24761962890625
2022-01-14,169.19964599609375,162.13800048828125,138.64820861816406,329.31573486328125,299.460693359375
2022-01-18,166.0027618408203,158.91749572753906,135.1806640625,315.6727600097656,292.17205810546875
2022-01-19,162.5126190185547,156.2989959716797,134.54737854003906,317.10150146484375,292.82855224609375
2022-01-20,160.83106994628906,151.66749572753906,132.4193572998047,314.09515380859375,291.1585388183594
2022-01-21,158.77806091308594,142.64300537109375,129.03265380859375,300.8094177246094,285.78125
2022-01-24,158.0056915283203,144.54400634765625,129.31036376953125,306.3062438964844,286.1095275878906
2022-01-25,156.2068634033203,139.98599243164062,125.70347595214844,297.81292724609375,278.5023498535156
2022-01-26,156.118896484375,138.87249755859375,128.18760681152344,292.3358459472656,286.43780517578125
2022-01-27,155.6593780517578,139.6374969482422,128.069580078125,292.3457946777344,289.45941162109375
2022-01-28,166.52088928222656,143.97799682617188,132.20411682128906,299.3607177734375,297.587890625
2022-01-31,170.87136840820312,149.57350158691406,134.59349060058594,310.82080078125,300.21380615234375
2022-02-01,170.7052001953125,151.19349670410156,136.7557373046875,316.5161437988281,298.0705871582031
2022-02-02,171.90771484375,150.6125030517578,146.83102416992188,320.4850158691406,302.6078796386719
2022-02-03,169.03346252441406,138.8455047607422,141.4888916015625,235.90870666503906,290.8205261230469
2022-02-04,168.7495880126953,157.63949584960938,141.85142517089844,235.24391174316406,295.34820556640625
2022-02-07,168.0350341796875,157.9355010986328,137.80662536621094,223.1587677001953,290.531005859375
2022-02-08,171.1380615234375,161.4134979248047,138.079345703125,218.465576171875,294.0159606933594
2022-02-09,172.55743408203125,161.1894989013672,140.30111694335938,230.19354248046875,300.4357604980469
2022-02-10,168.48529052734375,159.0034942626953,137.47384643554688,226.29415893554688,291.9115295410156
2022-02-11,165.0787811279297,153.2935028076172,133.03778076171875,217.8404998779297,284.8255920410156
2022-02-14,165.31370544433594,155.16700744628906,134.19825744628906,216.00489807128906,284.7869873046875
2022-02-15,169.14114379882812,156.510498046875,135.3145751953125,219.2792205810547,290.0675964355469
2022-02-16,168.9062042236328,158.10049438476562,136.367919921875,214.8539276123047,289.7289733886719
2022-02-17,165.31370544433594,154.65249633789062,131.23110961914062,206.0926971435547,281.2450866699219
2022-02-18,163.76708984375,152.60150146484375,129.40509033203125,204.55474853515625,278.53643798828125
2022-02-22,160.85000610351562,150.19749450683594,128.34877014160156,200.5065155029297,278.33331298828125
2022-02-23,156.6897430419922,144.82699584960938,126.54606628417969,196.90480041503906,271.12640380859375
2022-02-24,159.3033905029297,151.35800170898438,131.59312438964844,205.98353576660156,284.979248046875
2022-02-25,161.36878967285156,153.7884979248047,133.42410278320312,208.8411407470703,287.6104431152344
2022-02-28,161.63307189941406,153.56300354003906,133.79258728027344,209.38687133789062,289.04217529296875
2022-03-01,159.75364685058594,151.14199829101562,133.07546997070312,201.90554809570312,285.3274841308594
2022-03-02,163.04270935058594,152.05250549316406,133.65420532226562,206.4895782470703,290.396484375
2022-03-03,162.71966552734375,147.89849853515625,133.2143096923828,201.38961791992188,286.2658386230469
2022-03-04,159.72427368164062,145.64100646972656,131.04612731933594,198.5022430419922,280.4034729003906
2022-03-07,155.93601989746094,137.4530029296875,125.43468475341797,186.01028442382812,269.8107604980469
2022-03-08,154.11529541015625,136.01449584960938,126.24205780029297,188.80831909179688,266.8506164550781
2022-03-09,159.50889587402344,139.2790069580078,132.77590942382812,196.9544219970703,279.0879211425781
2022-03-10,155.17251586914062,146.8175048828125,131.60157775878906,193.69003295898438,276.2728271484375
2022-03-11,151.46253967285156,145.52450561523438,129.41302490234375,186.14920043945312,270.9329528808594
2022-03-14,147.43930053710938,141.85299682617188,125.70893859863281,185.17686462402344,267.42138671875
2022-03-15,151.81488037109375,147.3665008544922,128.6046905517578,190.5347900390625,277.7818603515625
2022-03-16,156.2198944091797,153.10400390625,132.60183715820312,202.04446411132812,284.78570556640625
2022-03-17,157.22813415527344,157.23899841308594,133.50445556640625,206.22166442871094,285.58856201171875
2022-03-18,160.51715087890625,161.25050354003906,135.6875,214.80430603027344,290.6286315917969
2022-03-21,161.8876495361328,161.4915008544922,135.36715698242188,209.84327697753906,289.40008544921875
2022-03-22,165.25494384765625,164.88900756835938,139.1352081298828,214.96307373046875,294.1402282714844
2022-03-23,166.61561584472656,163.4080047607422,137.3756561279297,211.7979278564453,289.7193298339844
2022-03-24,170.3941192626953,163.64950561523438,140.16128540039062,217.8603515625,294.17889404296875
2022-03-25,171.03038024902344,164.77349853515625,140.36907958984375,220.09283447265625,293.7725830078125
2022-03-28,171.89181518554688,168.99049377441406,140.79408264160156,221.8490447998047,300.56365966796875
2022-03-29,175.18084716796875,169.31500244140625,142.08349609375,228.0702362060547,305.12005615234375
2022-03-30,174.0159912109375,166.30099487304688,141.48294067382812,226.07586669921875,303.6204528808594
2022-03-31,170.9226837158203,162.99749755859375,138.5123291015625,220.6286163330078,298.2515869140625
2022-04-01,170.62905883789062,163.55999755859375,139.55426025390625,223.0992431640625,299.32537841796875
2022-04-04,174.6718292236328,168.34649658203125,142.47280883789062,232.06884765625,304.6943054199219
2022-04-05,171.3632049560547,164.05499267578125,139.91432189941406,230.0347900390625,300.73779296875
2022-04-06,168.201416015625,158.75599670410156,136.0589599609375,221.56129455566406,289.7289733886719
2022-04-07,168.5048828125,157.7845001220703,135.35374450683594,221.2140350341797,291.53802490234375
2022-04-08,166.49818420410156,154.4604949951172,132.91921997070312,220.59886169433594,287.2815246582031
2022-04-11,162.24977111816406,151.1219940185547,128.73956298828125,214.77456665039062,275.9535827636719
2022-04-12,164.1194610595703,150.78750610351562,127.3291244506836,212.47264099121094,272.8579406738281
2022-04-13,166.8015899658203,155.54100036621094,129.22506713867188,213.31600952148438,278.23663330078125
2022-04-14,161.79949951171875,151.7064971923828,126.21676635742188,208.54345703125,270.70068359375
2022-04-18,161.5841522216797,152.78500366210938,126.91901397705078,209.12887573242188,271.3681640625
2022-04-19,163.86495971679688,158.11549377441406,129.4680938720703,215.617919921875,275.99224853515625
2022-04-20,163.69854736328125,153.9980010986328,127.20117950439453,198.8594512939453,277.0177001953125
2022-04-21,162.90565490722656,148.29600524902344,123.92013549804688,186.60562133789062,271.64874267578125
2022-04-22,158.37339782714844,144.35000610351562,118.63997650146484,182.67642211914062,265.08990478515625
2022-04-25,159.4404296875,146.07400512695312,122.24636840820312,185.53402709960938,271.56170654296875
2022-04-26,153.48880004882812,139.39100646972656,118.53284454345703,179.54104614257812,261.404296875
2022-04-27,153.263671875,138.16700744628906,114.08387756347656,173.58778381347656,273.9801330566406
2022-04-28,160.1843719482422,144.59649658203125,118.43912506103516,204.12811279296875,280.1810607910156
2022-04-29,154.32086181640625,124.28150177001953,114.03031921386719,198.90907287597656,268.46612548828125
2022-05-02,154.62429809570312,124.5,116.20299530029297,209.486083984375,275.1893615722656
2022-05-03,156.11221313476562,124.25350189208984,117.16755676269531,210.37904357910156,272.58709716796875
2022-05-04,162.51409912109375,125.92849731445312,121.57685089111328,221.67044067382812,280.5195617675781
2022-05-05,153.45944213867188,116.40699768066406,115.79582214355469,206.65826416015625,268.30169677734375
2022-05-06,154.1848602294922,114.77249908447266,114.71817779541016,202.18336486816406,265.7671203613281
2022-05-09,149.06759643554688,108.78900146484375,112.16313934326172,194.68222045898438,255.94825744628906
2022-05-10,151.46939086914062,108.85900115966797,113.65142822265625,196.11102294921875,260.7077331542969
2022-05-11,143.61700439453125,105.37200164794922,113.03300476074219,187.27041625976562,252.04971313476562
2022-05-12,139.75454711914062,106.93049621582031,112.2395248413086,189.7509307861328,247.01934814453125
2022-05-13,144.21502685546875,113.05500030517578,115.56671905517578,197.07345581054688,252.60110473632812
2022-05-16,142.6759033203125,110.81050109863281,113.85774993896484,198.48240661621094,252.96873474121094
2022-05-17,146.30307006835938,115.36849975585938,115.75119018554688,201.04232788085938,258.1152038574219
2022-05-18,138.04879760742188,107.11250305175781,111.48570251464844,190.74314880371094,246.36328125
2022-05-19,134.6470947265625,107.31900024414062,109.84368896484375,189.80052185058594,245.4518280029297
2022-05-20,134.88233947753906,107.59100341796875,108.42286682128906,192.03302001953125,244.88943481445312
2022-05-23,140.293701171875,107.55699920654297,110.75718688964844,194.7020721435547,252.73367309570312
2022-05-24,137.59783935546875,104.0999984741211,105.06344604492188,179.8684844970703,251.73500061035156
2022-05-25,137.75469970703125,106.7750015258789,104.97765350341797,182.3986358642578,254.5469512939453
2022-05-26,140.95054626464844,111.07749938964844,107.41413879394531,190.1378936767578,257.82421875
2022-05-27,146.69522094726562,115.14649963378906,111.88047790527344,193.61065673828125,264.94134521484375
2022-05-31,145.91094970703125,120.20950317382812,113.1103744506836,192.1322784423828,263.6129455566406
2022-06-01,145.78350830078125,121.68399810791016,113.20758056640625,187.1711883544922,264.146240234375
2022-06-02,148.23431396484375,125.51100158691406,116.78719329833984,197.3115997314453,266.2406311035156
2022-06-03,142.51902770996094,122.3499984741211,113.631103515625,189.2945098876953,261.8191223144531
2022-06-06,143.26409912109375,124.79000091552734,116.05768585205078,192.7375030517578,260.58770751953125
2022-06-07,145.78350830078125,123.0,116.27488708496094,194.12660217285156,264.2237854003906
2022-06-08,145.04827880859375,121.18000030517578,116.28331756591797,195.10890197753906,262.19732666015625
2022-06-09,139.83299255371094,116.1500015258789,113.98220825195312,182.5673065185547,256.7479553222656
2022-06-10,134.43141174316406,109.6500015258789,110.52013397216797,174.2029571533203,245.306396484375
2022-06-13,129.28472900390625,103.66999816894531,106.0062026977539,162.9810028076172,234.90223693847656
2022-06-14,130.1474151611328,102.30999755859375,106.32110595703125,162.4551239013672,237.06455993652344
2022-06-15,132.7648468017578,107.66999816894531,109.49159240722656,168.03138732910156,244.1137237548828
2022-06-16,127.5005111694336,103.66000366210938,105.76765441894531,159.61740112304688,237.52992248535156
2022-06-17,128.97100830078125,106.22000122070312,106.98715209960938,162.46507263183594,240.1285400390625
2022-06-21,133.1961669921875,108.68000030517578,111.10285949707031,155.82716369628906,246.03359985351562
2022-06-22,132.68641662597656,108.94999694824219,111.12168884277344,154.6365203857422,245.44210815429688
2022-06-23,135.54896545410156,112.44000244140625,111.76690673828125,157.513916015625,250.99807739257812
2022-06-24,138.8722686767578,116.45999908447266,117.57273864746094,168.83506774902344,259.5697021484375
2022-06-27,138.8722686767578,113.22000122070312,115.6728286743164,168.1702880859375,256.844970703125
2022-06-28,134.7353057861328,107.4000015258789,111.65481567382812,159.4288787841797,248.69039916992188
2022-06-29,136.49008178710938,108.91999816894531,111.3423843383789,162.6635284423828,252.35560607910156
2022-06-30,134.02947998046875,106.20999908447266,108.48187255859375,159.9944610595703,249.0297088623047
2022-07-01,136.1959686279297,109.55999755859375,108.19274139404297,158.78395080566406,251.6962127685547
2022-07-05,138.7742462158203,113.5,112.9596176147461,166.8804168701172,254.86688232421875
2022-07-06,140.1074676513672,114.33000183105469,114.27531433105469,168.44813537597656,258.1248474121094
2022-07-07,143.469970703125,116.33000183105469,118.33448028564453,170.84927368164062,260.2483215332031
2022-07-08,144.14637756347656,115.54000091552734,119.1899642944336,169.54946899414062,259.5308532714844
2022-07-11,142.01913452148438,111.75,115.57364654541016,161.6117706298828,256.47650146484375
2022-07-12,142.9895782470703,109.22000122070312,113.91427612304688,161.99871826171875,245.96568298339844
2022-07-13,142.6269073486328,110.4000015258789,111.27344512939453,162.21701049804688,245.0445556640625
2022-07-14,145.5482635498047,110.62999725341797,110.53254699707031,156.81936645507812,246.36328125
2022-07-15,147.2147674560547,113.55000305175781,111.84873962402344,163.41758728027344,248.92312622070312
2022-07-18,144.17576599121094,113.76000213623047,109.01499938964844,165.92788696289062,246.52809143066406
2022-07-19,148.0284423828125,118.20999908447266,113.6866455078125,174.4113006591797,251.64779663085938
2022-07-20,150.0282745361328,122.7699966430664,113.76598358154297,181.6643829345703,254.30450439453125
2022-07-21,152.29286193847656,124.62999725341797,114.10322570800781,181.74375915527344,256.7964172363281
2022-07-22,151.05763244628906,122.41999816894531,107.47760772705078,167.95201110839844,252.4525146484375
2022-07-25,149.9400634765625,121.13999938964844,107.32882690429688,165.35238647460938,250.96896362304688
2022-07-26,148.6166229248047,114.80999755859375,104.58139038085938,157.91079711914062,244.24948120117188
2022-07-27,153.7044677734375,120.97000122070312,112.67494201660156,168.2595977783203,260.5780334472656
2022-07-28,154.25352478027344,122.27999877929688,113.65687561035156,159.46856689453125,268.0151062011719
2022-07-29,159.3119354248047,134.9499969482422,115.690185546875,157.86122131347656,272.2135314941406
2022-08-01,158.33163452148438,135.38999938964844,114.5396499633789,158.68470764160156,269.5664978027344
2022-08-02,156.86111450195312,134.16000366210938,114.95621490478516,158.9427032470703,266.473388671875
2022-08-03,162.86073303222656,139.52000427246094,117.8127670288086,167.48565673828125,273.89105224609375
2022-08-04,162.54701232910156,142.57000732421875,117.90202331542969,169.24188232421875,275.03521728515625
2022-08-05,162.32125854492188,140.8000030517578,117.25732421875,165.80880737304688,274.31768798828125
2022-08-08,161.85000610351562,139.41000366210938,117.17797088623047,168.9243621826172,271.8063659667969
2022-08-09,161.89910888671875,137.8300018310547,116.54319763183594,167.2177734375,273.7262268066406
2022-08-10,166.1399688720703,142.69000244140625,119.66753387451172,176.95135498046875,280.3778076171875
2022-08-11,165.4036865234375,140.63999938964844,118.84429168701172,176.10797119140625,278.30279541015625
2022-08-12,168.94760131835938,143.5500030517578,121.65125274658203,179.09454345703125,283.0443420410156
2022-08-15,170.01759338378906,143.17999267578125,121.87936401367188,179.48153686523438,284.5569763183594
2022-08-16,169.86053466796875,144.77999877929688,121.51238250732422,178.0725860595703,283.820068359375
2022-08-17,171.35267639160156,142.10000610351562,119.34022521972656,173.48855590820312,283.07183837890625
2022-08-18,170.96002197265625,142.3000030517578,119.8758316040039,173.30003356933594,281.9544372558594
2022-08-19,168.37820434570312,138.22999572753906,117.15813446044922,166.65219116210938,278.0482177734375
2022-08-22,164.50054931640625,133.22000122070312,114.13297271728516,161.78042602539062,269.8860778808594
2022-08-23,164.1667938232422,133.6199951171875,113.8354263305664,159.8555450439453,268.6131896972656
2022-08-24,164.46128845214844,133.8000030517578,113.76598358154297,161.9888153076172,267.98150634765625
2022-08-25,166.91549682617188,137.27999877929688,116.74156188964844,167.46578979492188,270.9548645019531
2022-08-26,160.6228790283203,130.75,110.39366912841797,160.5203399658203,260.4994812011719
2022-08-29,158.42393493652344,129.7899932861328,109.44149017333984,157.93064880371094,257.720458984375
2022-08-30,155.9991912841797,128.72999572753906,109.01499938964844,155.9363250732422,255.52442932128906
2022-08-31,154.3401336669922,126.7699966430664,108.26118469238281,161.66136169433594,254.06690979003906
2022-09-01,155.06658935546875,127.81999969482422,109.64978790283203,164.0724639892578,253.0272216796875
2022-09-02,152.95594787597656,127.51000213623047,107.79501342773438,159.0717010498047,248.8101348876953
2022-09-06,151.6994171142578,126.11000061035156,106.60478210449219,157.30555725097656,246.0797119140625
2022-09-07,153.10321044921875,129.47999572753906,109.58036041259766,159.14114379882812,250.78268432617188
2022-09-08,151.63072204589844,129.82000732421875,108.52898406982422,160.7981414794922,251.20050048828125
2022-09-09,154.4873809814453,133.27000427246094,110.86975860595703,167.8329315185547,256.9722595214844
2022-09-12,160.4364013671875,136.4499969482422,110.95903015136719,167.64442443847656,259.1003112792969
2022-09-13,151.02206420898438,126.81999969482422,104.45244598388672,151.93765258789062,244.8553924560547
2022-09-14,152.46511840820312,128.5500030517578,105.00789642333984,150.29061889648438,245.078857421875
2022-09-15,149.5789794921875,126.27999877929688,103.05394744873047,148.38555908203125,238.4325408935547
2022-09-16,147.9395751953125,123.52999877929688,102.7861328125,145.15093994140625,237.81068420410156
2022-09-19,151.65028381347656,124.66000366210938,103.00433349609375,146.86746215820312,237.5968780517578
2022-09-20,154.0260009765625,122.19000244140625,101.00078582763672,144.95248413085938,235.58546447753906
2022-09-21,150.90426635742188,118.54000091552734,99.19561767578125,141.01339721679688,232.18458557128906
2022-09-22,149.9422149658203,117.30999755859375,99.75105285644531,141.7079620361328,234.15707397460938
2022-09-23,147.67449951171875,113.77999877929688,98.36243438720703,139.3167266845703,231.18374633789062
2022-09-26,148.00830078125,115.1500015258789,98.00537872314453,135.30816650390625,230.72705078125
2022-09-27,148.98013305664062,114.41000366210938,97.29124450683594,133.35353088378906,229.7164764404297
2022-09-28,147.09532165527344,118.01000213623047,99.91966247558594,140.50738525390625,234.24456787109375
2022-09-29,139.8701171875,114.80000305175781,97.29124450683594,135.34788513183594,230.77565002441406
2022-09-30,135.66851806640625,113.0,95.3670425415039,134.62355041503906,226.3058624267578
2022-10-03,139.8406982421875,115.87999725341797,98.49139404296875,137.53073120117188,233.92388916015625
2022-10-04,143.42384338378906,121.08999633789062,101.57608032226562,139.18772888183594,241.83346557617188
2022-10-05,143.71832275390625,120.94999694824219,101.38761901855469,137.89781188964844,242.1443328857422
2022-10-06,142.76609802246094,120.30000305175781,101.40744018554688,137.98715209960938,239.8026123046875
2022-10-07,137.52391052246094,114.55999755859375,98.75919342041016,132.41090393066406,227.60792541503906
2022-10-10,137.84786987304688,113.66999816894531,97.90619659423828,132.74826049804688,222.7592010498047
2022-10-11,136.43423461914062,112.20999908447266,97.25157928466797,127.53913116455078,219.02796936035156
2022-10-12,135.8059844970703,112.9000015258789,97.49954223632812,126.50723266601562,219.35830688476562
2022-10-13,140.37083435058594,112.52999877929688,98.8980484008789,129.27549743652344,227.60792541503906
2022-10-14,135.84524536132812,106.9000015258789,96.38865661621094,125.77300262451172,222.08872985839844
2022-10-17,139.8013916015625,113.79000091552734,99.95933532714844,132.99630737304688,230.80477905273438
2022-10-18,141.1168975830078,116.36000061035156,100.56436920166016,131.76597595214844,231.74734497070312
2022-10-19,141.224853515625,115.06999969482422,99.47332763671875,132.192626953125,229.7845458984375
2022-10-20,140.76344299316406,115.25,99.71136474609375,130.50587463378906,229.4638671875
2022-10-21,144.5723876953125,119.31999969482422,100.65364074707031,128.99766540527344,235.2648162841797
2022-10-24,146.7124786376953,119.81999969482422,102.13150787353516,128.7099609375,240.2495880126953
2022-10-25,149.5495147705078,120.5999984741211,104.07554626464844,136.4392852783203,243.56304931640625
2022-10-26,146.6143035888672,115.66000366210938,94.04786682128906,128.80917358398438,224.77061462402344
2022-10-27,142.1476287841797,110.95999908447266,91.84595489501953,97.17740631103516,220.32998657226562
2022-10-28,152.8872528076172,103.41000366210938,95.79354858398438,98.4275894165039,229.1917724609375
2022-10-31,150.53118896484375,102.44000244140625,93.88917541503906,92.43462371826172,225.5576629638672
2022-11-01,147.89047241210938,96.79000091552734,89.76305389404297,94.45873260498047,221.70977783203125
2022-11-02,142.37342834472656,92.12000274658203,86.36096954345703,89.83503723144531,213.86827087402344
2022-11-03,136.33609008789062,89.30000305175781,82.81013488769531,88.21772003173828,208.18394470214844
2022-11-04,136.07058715820312,90.9800033569336,85.99398803710938,90.08306884765625,215.1217803955078
2022-11-07,136.60157775878906,90.52999877929688,87.92811584472656,95.96690368652344,221.41827392578125
2022-11-08,137.17189025878906,89.9800033569336,88.18600463867188,95.7188491821289,222.3899688720703
2022-11-09,132.61915588378906,86.13999938964844,86.68829345703125,100.67991638183594,218.15342712402344
2022-11-10,144.41891479492188,96.62999725341797,93.40316009521484,110.99894714355469,236.10047912597656
2022-11-11,147.20167541503906,100.79000091552734,95.94232177734375,112.13998413085938,240.1135711669922
2022-11-14,145.8053436279297,98.48999786376953,95.24800872802734,113.33063507080078,234.71096801757812
2022-11-15,147.53599548339844,98.94000244140625,97.91610717773438,116.16837310791016,235.11907958984375
2022-11-16,146.30686950683594,97.12000274658203,98.18391418457031,112.34835815429688,235.5477752685547
2022-11-17,148.2046661376953,94.8499984741211,97.69791412353516,110.58220672607422,235.4990692138672
2022-11-18,148.76512145996094,94.13999938964844,97.00360870361328,111.17755126953125,235.05088806152344
2022-11-21,145.53985595703125,92.45999908447266,95.0496597290039,109.00459289550781,235.85963439941406
2022-11-22,147.67364501953125,93.19999694824219,96.53743743896484,110.57231140136719,238.76341247558594
2022-11-23,148.54884338378906,94.12999725341797,98.01528930664062,111.36605072021484,241.24818420410156
2022-11-25,145.63818359375,93.41000366210938,96.80522918701172,110.54253387451172,241.16053771972656
2022-11-28,141.8131103515625,93.94999694824219,95.46623229980469,107.93299102783203,235.5770263671875
2022-11-29,138.81405639648438,92.41999816894531,94.66283416748047,108.60771179199219,234.18362426757812
2022-11-30,145.55955505371094,96.54000091552734,100.6239013671875,117.18042755126953,248.61488342285156
2022-12-01,145.83486938476562,95.5,100.45526885986328,119.5022201538086,248.17636108398438
2022-12-02,145.3431854248047,94.12999725341797,100.00894165039062,122.5284652709961,248.4978790283203
2022-12-05,144.1829071044922,91.01000213623047,99.05674743652344,121.47671508789062,243.80116271972656
2022-12-06,140.52500915527344,88.25,96.51758575439453,113.2314224243164,238.8511199951172
2022-12-07,138.58787536621094,88.45999908447266,94.37519073486328,113.04290008544922,238.1203155517578
2022-12-08,140.2693328857422,90.3499984741211,93.18495178222656,114.43199920654297,241.0727996826172
2022-12-09,139.7874755859375,89.08999633789062,92.31211853027344,114.99756622314453,239.14341735839844
2022-12-12,142.07858276367188,90.55000305175781,92.79812622070312,113.81681823730469,246.05210876464844
2022-12-13,143.04226684570312,92.48999786376953,95.0694808959961,119.21446228027344,250.34934997558594
2022-12-14,140.8199920654297,91.58000183105469,94.53387451171875,120.64324951171875,250.6416778564453
2022-12-15,134.22193908691406,88.44999694824219,90.45735168457031,115.24561309814453,242.64163208007812
2022-12-16,132.26516723632812,87.86000061035156,90.1201171875,118.50008392333984,238.43214416503906
2022-12-19,130.16087341308594,84.91999816894531,88.42404174804688,113.58861541748047,234.300537109375
2022-12-20,130.092041015625,85.19000244140625,88.90013885498047,116.17829132080078,235.61602783203125
2022-12-21,133.18948364257812,86.7699966430664,89.51508331298828,118.82750701904297,238.1787567138672
2022-12-22,130.02322387695312,83.79000091552734,87.54129791259766,116.20806121826172,232.09835815429688
2022-12-23,129.659423828125,85.25,89.07865905761719,117.12090301513672,232.62454223632812
2022-12-27,127.85995483398438,83.04000091552734,87.21397399902344,115.96993255615234,230.89979553222656
2022-12-28,123.93653106689453,81.81999969482422,85.75594329833984,114.71973419189453,228.53196716308594
2022-12-29,127.44695281982422,84.18000030517578,88.22566223144531,119.3236083984375,234.84622192382812
2022-12-30,127.7615966796875,84.0,88.00747680664062,119.4029769897461,233.68666076660156
2023-01-03,122.98271179199219,85.81999969482422,88.9695816040039,123.76873016357422,233.45281982421875
2023-01-04,124.25118255615234,85.13999938964844,87.98761749267578,126.37825775146484,223.24081420898438
2023-01-05,122.93355560302734,83.12000274658203,86.06342315673828,125.95159912109375,216.62445068359375
2023-01-06,127.45677947998047,86.08000183105469,87.44210815429688,129.00762939453125,219.1774444580078
2023-01-09,127.9779052734375,87.36000061035156,88.07689666748047,128.46189880371094,221.31146240234375
2023-01-10,128.54824829101562,89.87000274658203,88.51331329345703,131.95448303222656,222.99720764160156
2023-01-11,131.26220703125,95.08999633789062,91.50872039794922,131.8552703857422,229.740234375
2023-01-12,131.18353271484375,95.2699966430664,91.16156768798828,135.64553833007812,232.41015625
2023-01-13,132.51101684570312,98.12000274658203,92.04431915283203,135.91343688964844,233.11178588867188
2023-01-17,133.6713104248047,96.05000305175781,91.40953826904297,134.30606079101562,234.20310974121094
2023-01-18,132.9534912109375,95.45999908447266,91.03262329101562,131.9842529296875,229.77920532226562
2023-01-19,133.01248168945312,93.68000030517578,93.14527893066406,135.08987426757812,225.99844360351562
2023-01-20,135.56907653808594,97.25,98.47154998779297,138.2848358154297,234.07643127441406
2023-01-23,138.75502014160156,97.5199966430664,100.38583374023438,142.15443420410156,236.37608337402344
2023-01-24,140.15135192871094,96.31999969482422,98.4021224975586,142.0254364013672,235.84988403320312
2023-01-25,139.4925079345703,97.18000030517578,95.94232177734375,140.39822387695312,234.45648193359375
2023-01-26,141.5574493408203,99.22000122070312,98.35253143310547,146.1530303955078,241.65744018554688
2023-01-27,143.49456787109375,102.23999786376953,99.88990783691406,150.55850219726562,241.81338500976562
2023-01-30,140.61349487304688,100.55000305175781,97.15238189697266,145.91493225097656,236.5027618408203
2023-01-31,141.88192749023438,103.12999725341797,99.05674743652344,147.81004333496094,241.47230529785156
2023-02-01,143.0029296875,105.1500015258789,100.60405731201172,151.92776489257812,246.28599548339844
2023-02-02,148.30299377441406,112.91000366210938,107.91403198242188,187.3001708984375,257.8329162597656
2023-02-03,151.9215545654297,103.38999938964844,104.36319732666016,185.0775909423828,251.74276733398438
2023-02-06,149.19778442382812,102.18000030517578,102.62744140625,184.61126708984375,250.2032012939453
2023-02-07,152.06907653808594,102.11000061035156,107.16023254394531,190.1279754638672,260.71722412109375
2023-02-08,149.38461303710938,100.05000305175781,99.1856918334961,182.00172424316406,259.9084777832031
2023-02-09,148.35215759277344,98.23999786376953,94.68267059326172,176.53463745117188,256.87799072265625
2023-02-10,148.71652221679688,97.61000061035156,94.0875473022461,172.7939910888672,256.3713684082031
2023-02-13,151.51339721679688,99.54000091552734,94.22640991210938,178.03289794921875,264.3810119628906
2023-02-14,150.8732452392578,99.69999694824219,94.17681121826172,178.08248901367188,265.2093200683594
2023-02-15,152.9709014892578,101.16000366210938,96.3093032836914,175.78057861328125,263.0895690917969
2023-02-16,151.37551879882812,98.1500015258789,95.00004577636719,171.09730529785156,256.08538818359375
2023-02-17,150.23313903808594,97.19999694824219,93.81973266601562,171.53390502929688,252.0900115966797
2023-02-21,146.2249755859375,94.58000183105469,91.30043029785156,170.74012756347656,246.82467651367188
2023-02-22,146.64842224121094,95.79000091552734,91.0524673461914,169.78759765625,245.69154357910156
2023-02-23,147.1309814453125,95.81999969482422,90.32841491699219,170.70042419433594,248.8761444091797
2023-02-24,144.48184204101562,93.5,88.6224365234375,169.06329345703125,243.45452880859375
2023-02-27,145.67344665527344,93.76000213623047,89.3663101196289,168.21987915039062,244.37278747558594
2023-02-28,145.17120361328125,94.2300033569336,89.56468200683594,173.5778350830078,243.64987182617188
2023-03-01,143.10308837890625,92.16999816894531,89.7729721069336,172.06967163085938,240.57275390625
2023-03-02,143.69398498535156,92.12999725341797,91.55831909179688,173.17105102539062,245.30079650878906
2023-03-03,148.7362060546875,94.9000015258789,93.25439453125,183.8075714111328,249.3840789794922
2023-03-06,151.49371337890625,93.75,94.80168914794922,183.46029663085938,250.9275360107422
2023-03-07,149.29759216308594,93.55000305175781,93.40316009521484,183.07333374023438,248.27044677734375
2023-03-08,150.54830932617188,93.91999816894531,93.87926483154297,183.52975463867188,247.83087158203125
2023-03-09,148.3029022216797,92.25,91.90547180175781,180.2753143310547,246.48281860351562
2023-03-10,146.24465942382812,90.7300033569336,90.2688980102539,178.11227416992188,242.83909606933594
2023-03-13,148.1847381591797,92.43000030517578,90.91361999511719,179.49143981933594,248.0457763671875
2023-03-14,150.2725067138672,94.87999725341797,93.48251342773438,192.5093231201172,254.75686645507812
2023-03-15,150.6664581298828,96.19999694824219,95.76378631591797,196.21022033691406,259.2993469238281
2023-03-16,153.4830322265625,100.04000091552734,100.24697875976562,203.33433532714844,269.8103942871094
2023-03-17,152.6459197998047,98.94999694824219,101.62566375732422,194.0869140625,272.9656677246094
2023-03-20,155.00946044921875,97.70999908447266,101.0999755859375,196.269775390625,265.93218994140625
2023-03-21,156.86090087890625,100.61000061035156,104.97813415527344,200.58590698242188,267.44635009765625
2023-03-22,155.4329071044922,98.69999694824219,103.37132263183594,198.2542266845703,265.9908142089844
2023-03-23,156.51625061035156,98.70999908447266,105.39472198486328,202.6894073486328,271.23663330078125
2023-03-24,157.81617736816406,98.12999725341797,105.19634246826172,204.40591430664062,274.0792236328125
2023-03-27,155.8760986328125,98.04000091552734,102.22076416015625,201.26060485839844,269.9861755371094
2023-03-28,155.25567626953125,97.23999786376953,100.53461456298828,199.117431640625,268.8628845214844
2023-03-29,158.32826232910156,100.25,101.07022094726562,203.75108337402344,274.0206604003906
2023-03-30,159.89413452148438,102.0,100.49494934082031,206.22166442871094,277.4787902832031
2023-03-31,162.39556884765625,103.29000091552734,103.15312194824219,210.2897491455078,281.63037109375
2023-04-03,163.64627075195312,102.41000366210938,104.05572509765625,211.41094970703125,280.5851745605469
2023-04-04,163.11447143554688,103.94999694824219,104.26400756835938,213.048095703125,280.5362548828125
2023-04-05,161.27285766601562,101.0999984741211,104.09538269042969,209.8333282470703,277.7620544433594
2023-04-06,162.15921020507812,102.05999755859375,108.01321411132812,214.41737365722656,284.8540954589844
2023-04-10,159.5691680908203,102.16999816894531,106.07909393310547,213.077880859375,282.6952209472656
2023-04-11,158.35784912109375,99.91999816894531,105.25586700439453,212.1848907470703,276.2869873046875
2023-04-12,157.66847229003906,97.83000183105469,104.36319732666016,212.33372497558594,276.9316711425781
2023-04-13,163.0455322265625,102.4000015258789,107.30899047851562,218.63427734375,283.134765625
2023-04-14,162.70086669921875,102.51000213623047,108.56866455078125,219.76541137695312,279.5203857421875
2023-04-17,162.7205352783203,102.73999786376953,105.55340576171875,217.15586853027344,282.1188049316406
2023-04-18,163.9417266845703,102.30000305175781,104.26400756835938,216.1934356689453,281.6988220214844
2023-04-19,165.0841064453125,104.30000305175781,104.16480255126953,214.02047729492188,281.7769775390625
2023-04-20,164.11900329589844,103.80999755859375,105.03765106201172,211.41094970703125,279.4911193847656
2023-04-21,162.5137481689453,106.95999908447266,105.04757690429688,211.2323760986328,279.149169921875
2023-04-24,162.8190155029297,106.20999908447266,105.91047668457031,211.1331329345703,275.2515563964844
2023-04-25,161.28273010253906,102.56999969482422,103.7581558227539,205.93392944335938,269.0484619140625
2023-04-26,161.27285766601562,104.9800033569336,103.59945678710938,207.76953125,288.536865234375
2023-04-27,165.85227966308594,109.81999969482422,107.48754119873047,236.7024688720703,297.7779846191406
2023-04-28,167.1029815673828,105.44999694824219,107.33876037597656,238.44879150390625,300.15185546875
2023-05-01,167.01434326171875,102.05000305175781,106.83290100097656,241.2864990234375,298.4911193847656
2023-05-02,165.98028564453125,103.62999725341797,105.11701202392578,237.37718200683594,298.3446350097656
2023-05-03,164.90679931640625,103.6500015258789,105.25586700439453,235.1844024658203,297.35791015625
2023-05-04,163.2720489501953,104.0,104.35326385498047,231.7017059326172,298.3446350097656
2023-05-05,170.9339141845703,105.66000366210938,105.35008239746094,230.9674835205078,303.46337890625
2023-05-08,170.86497497558594,105.83000183105469,107.35858154296875,231.45367431640625,301.5096435546875
2023-05-09,169.1612548828125,106.62000274658203,107.06104278564453,231.5529022216797,299.8977966308594
2023-05-10,170.92401123046875,110.19000244140625,111.36568450927734,231.26515197753906,305.08489990234375
2023-05-11,171.11117553710938,112.18000030517578,115.94808197021484,233.9540557861328,302.9358825683594
2023-05-12,170.18414306640625,110.26000213623047,116.95977020263672,231.98947143554688,301.822265625
2023-05-15,169.6910858154297,111.19999694824219,116.00758361816406,237.0001678466797,302.3009338378906
2023-05-16,169.6910858154297,113.4000015258789,119.11209106445312,236.96044921875,304.5281677246094
2023-05-17,170.30250549316406,115.5,120.49078369140625,240.6018829345703,307.4064636230469
2023-05-18,172.62986755371094,118.1500015258789,122.51416015625,244.92794799804688,311.83154296875
2023-05-19,172.73837280273438,116.25,122.24636840820312,243.72738647460938,311.6553649902344
2023-05-22,171.79161071777344,115.01000213623047,124.84503173828125,246.38648986816406,314.4356689453125
2023-05-23,169.1881103515625,114.98999786376953,122.28604888916016,244.81878662109375,308.6399841308594
2023-05-24,169.46421813964844,116.75,120.64948272705078,247.26956176757812,307.2596130371094
2023-05-25,170.59832763671875,115.0,123.33740234375,250.7224578857422,319.076171875
2023-05-26,173.00460815429688,120.11000061035156,124.40861511230469,259.99969482421875,325.8997497558594
2023-05-30,174.8487548828125,121.66000366210938,123.62504577636719,260.4759521484375,324.2550964355469
2023-05-31,174.79945373535156,120.58000183105469,122.36540222167969,262.6587829589844,321.4942932128906
2023-06-01,177.60020446777344,122.7699966430664,123.35724639892578,270.4873046875,325.59625244140625
2023-06-02,178.4482879638672,124.25,124.21024322509766,270.4873046875,328.3570556640625
2023-06-05,177.09725952148438,125.30000305175781,125.59883880615234,269.27685546875,328.8857421875
2023-06-06,176.7323455810547,126.61000061035156,126.868408203125,269.0089416503906,326.6732177734375
2023-06-07,175.361572265625,121.2300033569336,121.93889617919922,261.5475158691406,316.5894470214844
2023-06-08,178.07354736328125,124.25,121.67107391357422,262.5198669433594,318.42999267578125
2023-06-09,178.45816040039062,123.43000030517578,121.86946105957031,262.8869934082031,319.9278564453125
2023-06-12,181.2490234375,126.56999969482422,123.33740234375,268.939453125,324.8816223144531
2023-06-13,180.77565002441406,126.66000366210938,123.41675567626953,269.2073974609375,327.2703857421875
2023-06-14,181.4068145751953,126.41999816894531,123.36715698242188,271.22161865234375,330.2563171386719
2023-06-15,183.43833923339844,127.11000061035156,124.76568603515625,279.63555908203125,340.7903747558594
2023-06-16,182.36338806152344,125.48999786376953,123.04976654052734,278.8120422363281,335.1415100097656
2023-06-20,182.45213317871094,125.77999877929688,122.84148406982422,282.1161193847656,330.951416015625
2023-06-21,181.41671752929688,124.83000183105469,120.27257537841797,279.4470520019531,326.5556945800781
2023-06-22,184.4146270751953,130.14999389648438,122.86131286621094,282.6617736816406,332.5765380859375
2023-06-23,184.09909057617188,129.3300018310547,122.01824188232422,286.4818115234375,327.9850158691406
2023-06-26,182.70855712890625,127.33000183105469,118.12023162841797,276.3017578125,321.6998596191406
2023-06-27,185.45999145507812,129.17999267578125,118.04090118408203,284.81494140625,327.5444641113281
2023-06-28,186.633544921875,129.0399932861328,120.09403228759766,283.06866455078125,328.7976379394531
2023-06-29,186.96885681152344,127.9000015258789,119.03275299072266,279.3379211425781,328.014404296875
2023-06-30,191.28829956054688,130.36000061035156,119.98493194580078,284.7455139160156,333.38916015625
2023-07-03,189.79916381835938,130.22000122070312,119.5782699584961,283.7929382324219,330.8926696777344
2023-07-05,188.68478393554688,130.3800048828125,121.63141632080078,292.0779113769531,331.04931640625
2023-07-06,189.1581268310547,128.36000061035156,119.94525146484375,289.7164611816406,334.10382080078125
2023-07-07,188.04376220703125,129.77999877929688,119.16168975830078,288.267822265625,330.1388854980469
2023-07-10,186.00238037109375,127.12999725341797,115.91831970214844,291.8100280761719,324.86199951171875
2023-07-11,185.47975158691406,128.77999877929688,116.75148010253906,295.9674072265625,325.4886169433594
2023-07-12,187.14637756347656,130.8000030517578,118.64593505859375,306.93133544921875,330.11932373046875
2023-07-13,187.9056854248047,134.3000030517578,123.8134994506836,310.96966552734375,335.4646301269531
2023-07-14,188.05360412597656,134.67999267578125,124.6764144897461,306.46502685546875,337.99041748046875
2023-07-17,191.30799865722656,133.55999755859375,124.0416259765625,308.20135498046875,338.47015380859375
2023-07-18,191.0515899658203,132.8300018310547,123.0696029663086,309.6202697753906,351.9411926269531
2023-07-19,192.4026641845703,135.36000061035156,121.78018951416016,313.5494384765625,347.623779296875
2023-07-20,190.45989990234375,129.9600067138672,118.55664825439453,300.16448974609375,339.5862121582031
2023-07-21,189.286376953125,130.0,119.3302993774414,291.9687805175781,336.5513000488281
2023-07-24,190.08517456054688,128.8000030517578,120.88751220703125,289.33941650390625,337.86309814453125
2023-07-25,190.943115234375,129.1300048828125,121.79011535644531,292.1771545410156,343.6098937988281
2023-07-26,191.8109588623047,128.14999389648438,128.60418701171875,296.24530029296875,330.67724609375
2023-07-27,190.54864501953125,128.25,128.8124542236328,309.2828369140625,323.7753601074219
2023-07-28,193.12257385253906,132.2100067138672,131.92689514160156,322.9457092285156,331.2646484375
2023-07-31,193.73399353027344,133.67999267578125,132.0260772705078,316.1192321777344,328.8661804199219
2023-08-01,192.90560913085938,131.69000244140625,130.81600952148438,320.1972351074219,329.2773742675781
2023-08-02,189.91751098632812,128.2100067138672,127.59246063232422,311.8626403808594,320.6229553222656
2023-08-03,188.52699279785156,128.91000366210938,127.721435546875,310.7513732910156,319.80059814453125
2023-08-04,179.4739227294922,139.57000732421875,127.49330139160156,308.310546875,320.8970642089844
2023-08-07,176.3773193359375,142.22000122070312,130.86558532714844,314.09515380859375,323.1781005859375
2023-08-08,177.31419372558594,139.94000244140625,130.7664337158203,310.2056884765625,319.203369140625
2023-08-09,175.72645568847656,137.85000610351562,129.0901641845703,302.83355712890625,315.463623046875
2023-08-10,175.509521484375,138.55999755859375,129.1497039794922,303.3594055175781,316.1488952636719
2023-08-11,175.56875610351562,138.41000366210938,129.11001586914062,299.29132080078125,314.269287109375
2023-08-14,177.2178955078125,140.57000732421875,130.75650024414062,303.8058776855469,317.235595703125
2023-08-15,175.2329864501953,137.6699981689453,129.20919799804688,299.5989074707031,315.1013488769531
2023-08-16,174.36398315429688,135.07000732421875,128.0586700439453,291.9985046386719,314.3361511230469
2023-08-17,171.82606506347656,133.97999572753906,129.3976593017578,282.8702087402344,310.8827209472656
2023-08-18,172.30996704101562,133.22000122070312,127.0667953491211,281.0445556640625,310.4903564453125
2023-08-21,173.6431427001953,134.67999267578125,127.88009643554688,287.6427307128906,315.78814697265625
2023-08-22,175.0157470703125,134.25,128.6339111328125,285.36065673828125,316.357177734375
2023-08-23,178.85716247558594,135.52000427246094,132.12525939941406,291.9489440917969,320.811279296875
2023-08-24,174.17636108398438,131.83999633789062,129.35797119140625,284.5173034667969,313.9142761230469
2023-08-25,176.37847900390625,133.25999450683594,129.62579345703125,283.2769775390625,316.8672790527344
2023-08-28,177.9387664794922,133.13999938964844,130.71682739257812,287.9999694824219,317.57366943359375
2023-08-29,181.81967163085938,134.91000366210938,134.38670349121094,295.6697692871094,322.194580078125
2023-08-30,185.30555725097656,135.07000732421875,135.81497192382812,292.80224609375,322.5673828125
2023-08-31,185.52279663085938,138.00999450683594,136.23155212402344,293.58612060546875,321.5568542480469
2023-09-01,187.09295654296875,138.1199951171875,135.68600463867188,294.07232666015625,322.4398193359375
2023-09-05,187.3299560546875,137.27000427246094,135.59677124023438,297.81292724609375,327.2372741699219
2023-09-06,180.62477111816406,135.36000061035156,134.26768493652344,296.840576171875,326.58001708984375
2023-09-07,175.34161376953125,137.85000610351562,135.09091186523438,296.344482421875,323.6661376953125
2023-09-08,175.95387268066406,138.22999572753906,136.08277893066406,295.570556640625,327.9436340332031
2023-09-11,177.11912536621094,143.10000610351562,136.61837768554688,305.16522216796875,331.544189453125
2023-09-12,174.09735107421875,141.22999572753906,134.9619903564453,299.3111877441406,325.490966796875
2023-09-13,172.03346252441406,144.85000610351562,136.3802947998047,302.6846923828125,329.6997375488281
2023-09-14,173.54437255859375,144.72000122070312,137.85821533203125,309.2928161621094,332.2898254394531
2023-09-15,172.82345581054688,140.38999938964844,137.173828125,297.97161865234375,323.97027587890625
2023-09-18,175.74652099609375,139.97999572753906,137.8284454345703,300.1942443847656,322.8322448730469
2023-09-19,176.832763671875,137.6300048828125,137.69949340820312,302.6946105957031,322.4300231933594
2023-09-20,173.29750061035156,135.2899932861328,133.49400329589844,297.3366394042969,314.6990966796875
2023-09-21,171.75697326660156,129.3300018310547,130.29029846191406,293.42730712890625,313.48260498046875
2023-09-22,172.60621643066406,129.1199951171875,130.18124389648438,296.7512512207031,311.01031494140625
2023-09-25,173.880126953125,131.27000427246094,131.09373474121094,298.48760986328125,311.53033447265625
2023-09-26,169.81158447265625,125.9800033569336,128.39588928222656,296.63214111328125,306.23248291015625
2023-09-27,168.30067443847656,125.9800033569336,130.38951110839844,295.42169189453125,306.8702087402344
2023-09-28,168.55746459960938,125.9800033569336,132.04591369628906,301.59326171875,307.7040710449219
2023-09-29,169.07095336914062,127.12000274658203,130.7763214111328,297.8724670410156,309.7741394042969
2023-10-02,171.5792236328125,129.4600067138672,134.06932067871094,304.4309997558594,315.7096252441406
2023-10-03,170.24609375,124.72000122070312,132.2145233154297,298.5968017578125,307.4588623046875
2023-10-04,171.49037170410156,127.0,135.16033935546875,303.2005920410156,312.9233703613281
2023-10-05,172.72474670410156,125.95999908447266,134.88262939453125,302.4167785644531,313.3157958984375
2023-10-06,175.27249145507812,127.95999908447266,137.60031127929688,312.9739685058594,321.06634521484375
2023-10-09,176.7537841796875,128.25999450683594,138.3640594482422,315.881103515625,323.577880859375
2023-10-10,176.16127014160156,129.47999572753906,138.06646728515625,319.3340148925781,322.1749572753906
2023-10-11,177.55364990234375,131.8300018310547,140.54611206054688,325.2674865722656,326.1287536621094
2023-10-12,178.45228576660156,132.3300018310547,139.14759826660156,321.635986328125,324.8925476074219
2023-10-13,176.6155242919922,129.7899932861328,137.45152282714844,312.2397155761719,321.5274658203125
2023-10-16,176.48712158203125,132.5500030517578,139.3459930419922,318.6494140625,326.34454345703125
2023-10-17,174.93673706054688,131.47000122070312,139.8419189453125,321.47723388671875,325.7754821777344
2023-10-18,173.6431427001953,128.1300048828125,138.1458282470703,314.501953125,323.86236572265625
2023-10-19,173.2678680419922,128.39999389648438,137.8482666015625,310.3743591308594,325.04949951171875
2023-10-20,170.72007751464844,125.16999816894531,135.62652587890625,306.2467041015625,320.4875793457031
2023-10-23,170.83860778808594,126.55999755859375,136.77708435058594,311.56500244140625,323.0873718261719
2023-10-24,171.2730712890625,128.55999755859375,138.97898864746094,310.1163330078125,324.2744445800781
2023-10-25,168.9623260498047,121.38999938964844,125.6385269165039,297.19775390625,334.2225646972656
2023-10-26,164.80490112304688,119.56999969482422,122.43482208251953,286.1048278808594,321.6843566894531
2023-10-27,166.1182861328125,127.73999786376953,122.39513397216797,294.4195251464844,323.56805419921875
2023-10-30,168.1624298095703,132.7100067138672,124.72600555419922,300.3033752441406,330.9261169433594
2023-10-31,168.63644409179688,133.08999633789062,124.27967071533203,298.9241638183594,331.71099853515625
2023-11-01,171.79647827148438,137.0,126.53118896484375,309.4218444824219,339.5203552246094
2023-11-02,175.3515167236328,138.07000732421875,127.532958984375,308.449462890625,341.72772216796875
2023-11-03,174.44297790527344,138.60000610351562,129.3083953857422,312.1504211425781,346.1229553222656
2023-11-06,176.99075317382812,139.74000549316406,130.3795928955078,313.341064453125,349.78240966796875
2023-11-07,179.54843139648438,142.7100067138672,131.32183837890625,316.3374938964844,353.7066650390625
2023-11-08,180.6050262451172,142.0800018310547,132.17483520507812,317.2900695800781,356.326171875
2023-11-09,180.1310272216797,140.60000610351562,130.61764526367188,318.0540466308594,353.8636169433594
2023-11-10,184.31365966796875,143.55999755859375,132.9683380126953,326.2100524902344,362.6736755371094
2023-11-13,182.73158264160156,142.58999633789062,132.5517578125,326.6268005371094,359.740234375
2023-11-14,185.342041015625,145.8000030517578,134.32716369628906,333.69140625,363.2623291015625
2023-11-15,185.90565490722656,143.1999969482422,135.26943969726562,330.119384765625,363.4097900390625
2023-11-16,187.5866241455078,142.8300018310547,137.57052612304688,331.5878601074219,369.7997131347656
2023-11-17,187.56687927246094,145.17999267578125,135.82489013671875,332.4312438964844,363.58673095703125
2023-11-20,189.30715942382812,146.1300048828125,136.79690551757812,337.3228454589844,371.04815673828125
2023-11-21,188.5062255859375,143.89999389648438,137.49119567871094,334.3561706542969,366.7522277832031
2023-11-22,189.16871643066406,146.7100067138672,138.8798065185547,338.83099365234375,371.4512939453125
2023-11-24,187.84371948242188,146.74000549316406,137.09445190429688,335.596435546875,371.0383605957031
2023-11-27,187.6657257080078,147.72999572753906,136.92584228515625,332.0939636230469,372.19842529296875
2023-11-28,188.26890563964844,147.02999877929688,137.49119567871094,336.3504943847656,376.21917724609375
2023-11-29,187.2504425048828,146.32000732421875,135.28927612304688,329.6134033203125,372.4343566894531
2023-11-30,187.82395935058594,146.08999633789062,132.8294677734375,324.6026611328125,372.4933166503906
2023-12-01,189.09950256347656,147.02999877929688,132.234375,322.29083251953125,368.1678161621094
2023-12-04,187.30975341796875,144.83999633789062,129.5662841796875,317.5282287597656,362.8887939453125
2023-12-05,191.25511169433594,146.8800048828125,131.3119354248047,315.81170654296875,366.2115173339844
2023-12-06,190.1674346923828,144.52000427246094,130.3597412109375,314.9781799316406,362.5545349121094
2023-12-07,192.09561157226562,146.8800048828125,137.32260131835938,324.04705810546875,364.66815185546875
2023-12-08,193.51950073242188,147.4199981689453,135.52732849121094,330.1590270996094,367.89251708984375
2023-12-11,191.01780700683594,145.88999938964844,133.6031036376953,322.74725341796875,365.0121765136719
2023-12-12,192.53067016601562,147.47999572753906,132.5517578125,331.61761474609375,368.0400390625
2023-12-13,195.74429321289062,148.83999633789062,132.8790740966797,332.133544921875,368.03021240234375
2023-12-14,195.89260864257812,147.4199981689453,132.11534118652344,330.5757751464844,359.73309326171875
2023-12-15,195.358642578125,149.97000122070312,132.7501220703125,332.31219482421875,364.45184326171875
2023-12-18,193.69744873046875,154.07000732421875,136.0728302001953,341.9366760253906,366.33935546875
2023-12-19,194.7357177734375,153.7899932861328,136.97544860839844,347.6319580078125,366.93902587890625
2023-12-20,192.6493377685547,152.1199951171875,138.52273559570312,346.5603332519531,364.3437194824219
2023-12-21,192.50100708007812,153.83999633789062,140.64532470703125,351.3329162597656,367.2142333984375
2023-12-22,191.43312072753906,153.4199981689453,141.55780029296875,350.638427734375,368.23663330078125
2023-12-26,190.88925170898438,153.41000366210938,141.65701293945312,352.067138671875,368.3152770996094
2023-12-27,190.98812866210938,153.33999633789062,140.2882537841797,355.0438232421875,367.7353210449219
2023-12-28,191.41331481933594,153.3800048828125,140.12954711914062,355.52996826171875,368.9247741699219
2023-12-29,190.37509155273438,151.94000244140625,139.78237915039062,351.20391845703125,369.67193603515625
2024-01-02,183.56216430664062,149.92999267578125,138.4235382080078,343.5936279296875,364.5894775390625
2024-01-03,182.187744140625,148.47000122070312,139.217041015625,341.787841796875,364.32403564453125
2024-01-04,179.87391662597656,144.57000732421875,136.91590881347656,344.4171447753906,361.7091369628906
2024-01-05,179.15208435058594,145.24000549316406,136.27122497558594,349.2096252441406,361.52227783203125
2024-01-08,183.4830780029297,149.10000610351562,139.38565063476562,355.86737060546875,368.3447265625
2024-01-09,183.06777954101562,151.3699951171875,141.3991241455078,354.6468811035156,369.4261474609375
2024-01-10,184.10606384277344,153.72999572753906,142.62901306152344,367.58538818359375,376.2879333496094
2024-01-11,183.51275634765625,155.17999267578125,142.50009155273438,366.7916259765625,378.1164855957031
2024-01-12,183.8390350341797,154.6199951171875,143.06549072265625,371.5740661621094,381.8913879394531
2024-01-16,181.57469177246094,153.16000366210938,142.90672302246094,364.5987548828125,383.6609191894531
2024-01-17,180.6352996826172,151.7100067138672,141.7264404296875,365.5017395019531,382.8744812011719
2024-01-18,186.5187225341797,153.5,143.80934143066406,373.2013244628906,387.1999206542969
2024-01-19,189.4159393310547,155.33999633789062,146.7650604248047,380.4643249511719,391.9186706542969
2024-01-22,191.71983337402344,154.77999877929688,146.50717163085938,378.80731201171875,389.7952575683594
2024-01-23,192.9954071044922,156.02000427246094,147.46926879882812,382.2007141113281,392.144775390625
2024-01-24,192.322998046875,156.8699951171875,149.12570190429688,387.6578674316406,395.7428283691406
2024-01-25,191.9967041015625,157.75,152.38890075683594,390.1185302734375,398.013671875
2024-01-26,190.26629638671875,159.1199951171875,152.5376739501953,391.07110595703125,397.089599609375
2024-01-29,189.58401489257812,161.25999450683594,153.57913208007812,397.8974914550781,402.78155517578125
2024-01-30,185.93533325195312,159.0,151.8037109375,396.9449768066406,401.6706848144531
2024-01-31,182.33607482910156,155.1999969482422,140.64532470703125,387.1022033691406,390.84710693359375
2024-02-01,184.76852416992188,159.27999877929688,141.5479278564453,391.7060852050781,396.9421691894531
2024-02-02,183.7698211669922,171.80999755859375,142.37115478515625,471.29156494140625,404.2561950683594
2024-02-05,185.579345703125,170.30999755859375,143.74981689453125,455.8328552246094,398.780517578125
2024-02-06,187.1812286376953,169.14999389648438,144.22593688964844,451.1794128417969,398.6231994628906
2024-02-07,187.2899932861328,170.52999877929688,145.48556518554688,465.93359375,407.0382385253906
2024-02-08,186.2122039794922,169.83999633789062,146.02117919921875,466.34039306640625,407.0971984863281
2024-02-09,186.97454833984375,174.4499969482422,148.99671936035156,464.4651184082031,413.4281311035156
2024-02-12,185.2914276123047,172.33999633789062,147.5188446044922,465.24896240234375,408.2277526855469
2024-02-13,183.20237731933594,168.63999938964844,145.17808532714844,456.53729248046875,399.4390869140625
2024-02-14,182.32122802734375,170.97999572753906,145.9418182373047,469.5948181152344,403.29986572265625
2024-02-15,182.0341033935547,169.8000030517578,142.7678680419922,480.26116943359375,400.4141540527344
2024-02-16,180.4994659423828,169.50999450683594,140.60562133789062,469.634521484375,397.95196533203125
2024-02-20,179.75692749023438,167.0800018310547,141.0420684814453,468.0767822265625,396.7012023925781
2024-02-21,180.50941467285156,168.58999633789062,142.668701171875,464.87847900390625,396.10040283203125
2024-02-22,182.53900146484375,174.5800018310547,144.13665771484375,482.85662841796875,405.42724609375
2024-02-23,180.7073974609375,174.99000549316406,144.1068878173828,480.7707214355469,404.1369934082031
2024-02-26,179.3609161376953,174.72999572753906,137.62014770507812,478.4961242675781,401.3793640136719
2024-02-27,180.81629943847656,173.5399932861328,138.95913696289062,483.7704162597656,401.3202819824219
2024-02-28,179.61831665039062,173.16000366210938,136.3108673095703,480.7607727050781,401.5566101074219
2024-02-29,178.95498657226562,176.75999450683594,138.6417694091797,486.8296813964844,407.38714599609375
2024-03-01,177.87582397460938,178.22000122070312,136.95558166503906,498.917724609375,409.218994140625
2024-03-04,173.36111450195312,177.5800018310547,133.107177734375,494.83538818359375,408.6477966308594
2024-03-05,168.43055725097656,174.1199951171875,132.6906280517578,486.9190368652344,396.5632629394531
2024-03-06,167.44044494628906,173.50999450683594,131.4805450439453,492.74951171875,396.0117492675781
2024-03-07,167.3216552734375,176.82000732421875,134.13873291015625,508.7411193847656,402.9552001953125
2024-03-08,169.0344696044922,175.35000610351562,135.18017578125,502.54315185546875,400.07928466796875
2024-03-11,171.0344696044922,171.9600067138672,137.80860900878906,480.3337097167969,398.405029296875
2024-03-12,171.5096435546875,175.38999938964844,138.4830780029297,496.3848876953125,409.0023193359375
2024-03-13,169.43052673339844,176.55999755859375,139.6237030029297,492.2330322265625,408.8250732421875
2024-03-14,171.28195190429688,178.75,143.16461181640625,488.5181884765625,418.7921142578125
2024-03-15,170.90574645996094,174.4199981689453,141.01231384277344,480.8402404785156,410.1251220703125
2024-03-18,171.99478149414062,174.47999572753906,147.27093505859375,493.6335144042969,411.01153564453125
2024-03-19,174.33135986328125,175.89999389648438,146.71548461914062,492.89849853515625,415.0396728515625
2024-03-20,176.8956298828125,178.14999389648438,148.4611358642578,502.1159973144531,418.80194091796875
2024-03-21,169.66812133789062,178.14999389648438,147.52879333496094,504.3409423828125,422.87933349609375
2024-03-22,170.569091796875,178.8699951171875,150.53414916992188,506.1486511230469,422.2588806152344
2024-03-25,169.15330505371094,179.7100067138672,149.91915893554688,499.6328430175781,416.46771240234375
2024-03-26,168.02462768554688,178.3000030517578,150.46469116210938,492.55084228515625,415.27606201171875
2024-03-27,171.58889770507812,179.8300018310547,150.70272827148438,490.53448486328125,415.05938720703125
2024-03-28,169.7770233154297,180.3800048828125,151.02011108398438,482.310302734375,414.36004638671875
2024-04-01,168.3414306640625,180.97000122070312,155.22561645507812,488.0414123535156,418.15191650390625
2024-04-02,167.16323852539062,180.69000244140625,154.60072326660156,494.0209045410156,415.0692443847656
2024-04-03,167.96519470214844,182.41000366210938,155.09666442871094,503.3278503417969,414.0942077636719
2024-04-04,167.1434783935547,180.0,150.70272827148438,507.4796447753906,411.56304931640625
2024-04-05,167.89590454101562,185.07000732421875,152.68646240234375,523.7891235351562,419.0875244140625
2024-04-08,166.77713012695312,185.19000244140625,154.86851501464844,515.7535400390625,418.171630859375
2024-04-09,167.9850311279297,185.6699981689453,156.8522491455078,513.4194946289062,419.8360290527344
2024-04-10,166.11378479003906,185.9499969482422,156.37619018554688,516.3297119140625,416.86175537109375
2024-04-11,173.3016815185547,189.0500030517578,159.4806671142578,519.6371459960938,421.4610900878906
2024-04-12,174.7967071533203,186.1300048828125,157.89369201660156,508.45306396484375,415.52227783203125
2024-04-15,170.9750213623047,183.6199951171875,155.05699157714844,496.8616638183594,407.38714599609375
2024-04-16,167.6979217529297,183.32000732421875,154.72970581054688,496.39483642578125,408.3128967285156
2024-04-17,166.33160400390625,181.27999877929688,155.60250854492188,490.84246826171875,405.61431884765625
2024-04-18,165.38111877441406,179.22000122070312,156.1777801513672,498.4210205078125,398.15875244140625
2024-04-19,163.36138916015625,174.6300048828125,154.45196533203125,477.8306884765625,393.0866394042969
2024-04-22,164.1930389404297,177.22999572753906,156.66378784179688,478.4862365722656,394.8988342285156
2024-04-23,165.24253845214844,179.5399932861328,158.61776733398438,492.75946044921875,401.408935546875
2024-04-24,167.34146118164062,176.58999633789062,159.7881622314453,490.1769714355469,402.8763122558594
2024-04-25,168.20281982421875,173.6699981689453,156.66378784179688,438.407958984375,393.0078430175781
2024-04-26,167.61866760253906,179.6199951171875,172.27565002441406,440.3050537109375,400.17779541015625
2024-04-29,171.77696228027344,180.9600067138672,166.5327606201172,429.7068786621094,396.1693420410156
2024-04-30,168.63845825195312,175.0,163.29933166503906,427.2734069824219,383.44464111328125
2024-05-01,167.61866760253906,179.0,164.22177124023438,436.232666015625,388.96978759765625
2024-05-02,171.31167602539062,184.72000122070312,167.08822631835938,438.7059020996094,391.82598876953125
2024-05-03,181.5588836669922,186.2100067138672,167.61390686035156,448.91668701171875,400.5126647949219
2024-05-06,179.9054412841797,188.6999969482422,168.4470672607422,462.5442810058594,407.28863525390625
2024-05-07,180.58859252929688,188.75999450683594,171.5714111328125,465.0870666503906,403.1521301269531
2024-05-08,180.9252166748047,188.0,169.76625061035156,469.417724609375,404.3339538574219
2024-05-09,182.737060546875,189.5,170.18280029296875,472.2187194824219,406.0870666503906
2024-05-10,181.4779510498047,187.47999572753906,168.90330505371094,472.9934997558594,408.47052001953125
2024-05-13,184.68019104003906,186.57000732421875,169.50836181640625,464.8586120605469,407.4659729003906
2024-05-14,185.82032775878906,187.07000732421875,170.5299530029297,468.6727294921875,410.2629699707031
2024-05-15,188.09066772460938,185.99000549316406,172.46409606933594,478.2975158691406,417.43603515625
2024-05-16,188.2096405029297,183.6300048828125,174.00146484375,470.04345703125,415.3738708496094
2024-05-17,188.23941040039062,184.6999969482422,175.84629821777344,468.73236083984375,414.6042785644531
2024-05-20,189.39932250976562,183.5399932861328,177.0067901611328,465.6830139160156,419.6658935546875
2024-05-21,190.69810485839844,183.14999389648438,178.07797241210938,461.5013732910156,423.3165283203125
2024-05-22,189.26052856445312,183.1300048828125,176.550537109375,464.630126953125,424.7767639160156
2024-05-23,185.27505493164062,181.0500030517578,173.6344757080078,462.6435546875,421.3037109375
2024-05-24,188.3484344482422,180.75,174.89414978027344,474.9998474121094,424.4215087890625
2024-05-28,188.35836791992188,182.14999389648438,176.57037353515625,476.6883850097656,424.5794982910156
2024-05-29,188.65577697753906,182.02000427246094,175.9553985595703,471.1658020019531,423.4447937011719
2024-05-30,189.64718627929688,179.32000732421875,172.1466827392578,463.9050598144531,409.1382141113281
2024-05-31,190.59893798828125,176.44000244140625,172.54344177246094,463.6865234375,409.5920715332031
2024-06-03,192.36366271972656,178.33999633789062,172.99966430664062,474.2747802734375,408.0035400390625
2024-06-04,192.680908203125,179.33999633789062,173.7039337158203,473.7781677246094,410.51953125
2024-06-05,194.18785095214844,181.27999877929688,175.6280975341797,491.7264099121094,418.3536376953125
2024-06-06,192.80978393554688,185.0,176.89772033691406,490.4352111816406,418.8567810058594
2024-06-07,195.19912719726562,184.3000030517578,174.5172119140625,489.6405944824219,418.1957702636719
2024-06-10,191.4614715576172,187.05999755859375,175.3910369873047,499.2157287597656,422.162109375
2024-06-11,205.37095642089844,187.22999572753906,176.94009399414062,504.0528869628906,426.9079284667969
2024-06-12,211.24014282226562,186.88999938964844,178.3004913330078,505.41363525390625,435.1761779785156
2024-06-13,212.4001007080078,183.8300018310547,175.50027465820312,500.7055969238281,435.689208984375
2024-06-14,210.66513061523438,183.66000366210938,177.11883544921875,501.26239013671875,436.666015625
2024-06-17,214.80921936035156,184.05999755859375,177.52597045898438,503.7181701660156,442.3886413574219
2024-06-18,212.44964599609375,182.80999755859375,175.21231079101562,496.61920166015625,440.3857116699219
2024-06-20,207.87924194335938,186.10000610351562,176.46347045898438,498.81646728515625,439.7542724609375
2024-06-21,205.7080841064453,189.0800018310547,178.99557495117188,491.93634033203125,443.77984619140625
2024-06-24,206.3524932861328,185.57000732421875,179.52188110351562,496.04254150390625,441.6980285644531
2024-06-25,207.27450561523438,186.33999633789062,184.2782745361328,507.6653747558594,444.9342041015625
2024-06-26,211.41859436035156,193.61000061035156,184.06971740722656,510.17083740234375,446.1280517578125
2024-06-27,212.2613067626953,197.85000610351562,185.54928588867188,516.5737915039062,446.8088684082031
2024-06-28,208.81117248535156,193.25,182.13340759277344,501.322021484375,440.98760986328125
2024-07-01,214.88853454589844,197.1999969482422,183.1959228515625,501.7793884277344,450.6371154785156
2024-07-02,218.37832641601562,200.0,185.30104064941406,506.5716857910156,453.1531066894531
2024-07-03,219.64730834960938,197.58999633789062,186.07557678222656,507.029052734375,454.6231689453125
2024-07-05,224.39614868164062,200.0,190.613525390625,536.806884765625,461.3226623535156
2024-07-08,225.8634796142578,199.2899932861328,189.14389038085938,526.2777709960938,460.020263671875
2024-07-09,226.71607971191406,199.33999633789062,189.10418701171875,526.9537353515625,453.4096374511719
2024-07-10,230.97915649414062,199.7899932861328,191.30860900878906,531.6168823242188,460.0301208496094
2024-07-11,225.61563110351562,195.0500030517578,185.98622131347656,509.7532653808594,448.6341857910156
2024-07-12,228.56011962890625,194.49000549316406,185.46986389160156,496.00274658203125,447.4994812011719
2024-07-15,232.38694763183594,192.72000122070312,186.86997985839844,493.30828857421875,447.9040222167969
2024-07-16,232.80332946777344,193.02000427246094,184.1988067626953,486.9749755859375,443.5233154296875
2024-07-17,226.91436767578125,187.92999267578125,181.3390350341797,459.3347473144531,437.60333251953125
2024-07-18,222.2547149658203,183.75,177.962890625,473.11505126953125,434.495361328125
2024-07-19,222.38360595703125,183.1300048828125,178.1316680908203,474.0497131347656,431.2788391113281
2024-07-22,222.03665161132812,182.5500030517578,182.06390380859375,484.59869384765625,437.0310974121094
2024-07-23,223.0775909423828,186.41000366210938,182.31216430664062,485.8813171386719,438.9156494140625
2024-07-24,216.66317749023438,180.8300018310547,173.14688110351562,458.6188659667969,423.1783752441406
2024-07-25,215.62217712402344,179.85000610351562,167.97344970703125,450.8040466308594,412.8184509277344
2024-07-26,216.08816528320312,182.5,167.49681091308594,463.0234375,419.5967712402344
2024-07-29,216.3657684326172,183.1999969482422,169.9296417236328,463.0333557128906,421.0373229980469
2024-07-30,216.92092895507812,181.7100067138672,170.65452575683594,460.5278625488281,417.27813720703125
2024-07-31,220.17276000976562,186.97999572753906,171.93545532226562,472.1009521484375,412.7691345214844
2024-08-01,216.48472595214844,184.07000732421875,171.24037170410156,494.8792724609375,411.545654296875
2024-08-02,217.97183227539062,167.89999389648438,167.21876525878906,485.33447265625,403.0406188964844
2024-08-05,207.4727783203125,161.02000427246094,159.5132293701172,472.9957580566406,389.8785705566406
2024-08-06,205.45025634765625,161.92999267578125,159.4138946533203,491.250244140625,394.27911376953125
2024-08-07,208.01806640625,162.77000427246094,159.6224365234375,486.1099548339844,393.1148376464844
2024-08-08,211.4781036376953,165.8000030517578,162.69076538085938,506.700927734375,397.3180236816406
2024-08-09,214.38290405273438,166.94000244140625,164.22988891601562,514.7940673828125,400.6035461425781
2024-08-12,215.91148376464844,166.8000030517578,162.7999725341797,512.9845581054688,401.383056640625
2024-08-13,219.62362670898438,170.22999572753906,164.76611328125,525.502197265625,408.48699951171875
2024-08-14,220.07029724121094,170.10000610351562,160.89346313476562,523.7326049804688,411.2989807128906
2024-08-15,223.0479736328125,177.58999633789062,162.0254669189453,534.2418212890625,416.162109375
2024-08-16,224.36807250976562,177.05999755859375,163.58445739746094,524.388671875,413.6317138671875
2024-08-19,224.20925903320312,178.22000122070312,167.21876525878906,526.238037109375,416.6563415527344
2024-08-20,224.82464599609375,178.8800048828125,167.7748565673828,523.7025756835938,419.8885192871094
2024-08-21,224.71546936035156,180.11000061035156,166.4541778564453,532.0841674804688,419.2362060546875
2024-08-22,222.85939025878906,176.1300048828125,164.32919311523438,528.8727416992188,410.7454833984375
2024-08-23,225.15219116210938,177.0399932861328,166.25558471679688,524.9652709960938,411.97113037109375
2024-08-26,225.48965454101562,175.5,166.7520751953125,518.1248779296875,408.70928955078125
2024-08-27,226.33335876464844,173.1199951171875,165.21295166015625,516.1165161132812,409.0552062988281
2024-08-28,224.8048095703125,170.8000030517578,163.34613037109375,513.8098754882812,405.85272216796875
2024-08-29,228.0802459716797,172.1199951171875,162.2538299560547,515.2415161132812,408.3435363769531
2024-08-30,227.29612731933594,178.5,163.9518585205078,518.3138427734375,412.31707763671875
2024-09-03,221.1125030517578,176.25,157.49745178222656,508.8186950683594,404.7060852050781
2024-09-04,219.20677185058594,173.3300018310547,156.7030487060547,509.79302978515625,404.1723327636719
2024-09-05,220.72540283203125,177.88999938964844,157.48753356933594,513.8893432617188,403.6682434082031
2024-09-06,219.177001953125,171.38999938964844,151.06289672851562,497.39471435546875,397.05560302734375
2024-09-09,219.2663116455078,175.39999389648438,148.6865234375,501.88873291015625,401.0291442871094
2024-09-10,218.4722900390625,179.5500030517578,149.1538543701172,501.88873291015625,409.4111022949219
2024-09-11,221.00331115722656,184.52000427246094,151.28163146972656,508.8883056640625,418.1488342285156
2024-09-12,221.1125030517578,187.0,154.6522979736328,522.5791015625,422.06304931640625
2024-09-13,220.844482421875,186.49000549316406,157.4661407470703,521.6047973632812,425.6115417480469
2024-09-16,214.71046447753906,184.88999938964844,158.08261108398438,530.7208862304688,426.3528747558594
2024-09-17,215.17697143554688,186.8800048828125,159.36524963378906,533.7461547851562,430.1188659667969
2024-09-18,219.04795837402344,186.42999267578125,159.8922119140625,535.3684692382812,425.8290710449219
2024-09-19,227.16709899902344,189.8699951171875,162.30836486816406,556.4169921875,433.617919921875
2024-09-20,226.50205993652344,191.60000610351562,163.7003631591797,558.6560668945312,430.23748779296875
2024-09-23,224.78494262695312,193.8800048828125,162.13934326171875,561.701416015625,428.4978332519531
2024-09-24,225.67822265625,193.9600067138672,162.7060546875,560.6266479492188,424.2080078125
2024-09-25,224.68568420410156,192.52999877929688,162.0597686767578,565.5827026367188,427.1139831542969
2024-09-26,225.8271484375,191.16000366210938,162.89495849609375,565.1149291992188,426.3232421875
2024-09-27,226.0950927734375,187.97000122070312,164.34664916992188,564.6372680664062,423.0712585449219
2024-09-30,231.26634216308594,186.3300018310547,166.23582458496094,569.69287109375,425.324951171875
2024-10-01,224.52688598632812,185.1300048828125,167.45877075195312,573.7035522460938,415.8260192871094
2024-10-02,225.09266662597656,184.75999450683594,166.35513305664062,570.0611572265625,412.30718994140625
2024-10-03,223.9908905029297,181.9600067138672,166.2556915283203,579.973388671875,411.7240295410156
2024-10-04,225.11248779296875,186.50999450683594,167.59799194335938,593.0801391601562,411.24957275390625
2024-10-07,220.04051208496094,180.8000030517578,163.4517822265625,581.9736328125,404.8049621582031
2024-10-08,224.0901641845703,182.72000122070312,164.75430297851562,590.0447387695312,409.9151916503906
2024-10-09,227.8321075439453,185.1699981689453,162.12936401367188,587.6761474609375,412.6333312988281
2024-10-10,227.3358154296875,186.64999389648438,162.2486572265625,581.0281982421875,411.0321350097656
2024-10-11,225.85690307617188,188.82000732421875,163.5810546875,587.1189575195312,411.5065612792969
2024-10-14,229.5790252685547,187.5399932861328,165.40061950683594,587.5865478515625,414.2939758300781
2024-10-15,232.1100311279297,187.69000244140625,165.9474334716797,583.4566040039062,413.8985595703125
2024-10-16,230.05543518066406,186.88999938964844,165.7883758544922,574.02197265625,411.308837890625
2024-10-17,230.4226837158203,187.52999877929688,163.5710906982422,574.1613159179688,411.9019470214844
2024-10-18,233.25148010253906,188.99000549316406,164.10801696777344,573.7035522460938,413.3253173828125
2024-10-21,234.720458984375,189.07000732421875,164.85374450683594,572.3998413085938,413.9381408691406
2024-10-22,234.10507202148438,189.6999969482422,165.86793518066406,579.2169189453125,422.56719970703125
2024-10-23,229.0430145263672,184.7100067138672,163.541259765625,560.9849243164062,419.6908264160156
2024-10-24,228.85446166992188,186.3800048828125,163.59097290039062,565.0552978515625,419.8193359375
2024-10-25,229.68820190429688,187.8300018310547,166.0369415283203,570.4989624023438,423.1997985839844
2024-10-28,231.66336059570312,188.38999938964844,167.37924194335938,575.3853759765625,421.6578674316406
2024-10-29,231.9313507080078,190.8300018310547,170.1632537841797,590.4329833984375,426.9558410644531
2024-10-30,228.38795471191406,192.72999572753906,175.1347198486328,588.9598999023438,427.5291748046875
2024-10-31,224.22911071777344,186.39999389648438,171.7044219970703,564.8562622070312,401.65185546875
2024-11-01,221.25144958496094,197.92999267578125,171.6646270751953,564.4381713867188,405.6253662109375
2024-11-04,220.35812377929688,195.77999877929688,169.70587158203125,557.9893798828125,403.7374572753906
2024-11-05,221.7873992919922,199.5,170.4317169189453,569.682861328125,406.7027587890625
2024-11-06,221.06283569335938,207.08999633789062,177.31224060058594,569.3047485351562,415.3218994140625
2024-11-07,225.7874298095703,210.0500030517578,181.23968505859375,588.8605346679688,420.51123046875
2024-11-08,225.51914978027344,208.17999267578125,178.83349609375,586.5118408203125,417.6546630859375
2024-11-11,222.8064727783203,206.83999633789062,180.93145751953125,580.3713989257812,413.1770324707031
2024-11-12,222.8064727783203,208.91000366210938,182.27377319335938,582.0134887695312,418.1390075683594
2024-11-13,223.6908416748047,214.10000610351562,179.45989990234375,577.216552734375,420.28387451171875
2024-11-14,226.77114868164062,211.47999572753906,176.3378143310547,574.3901977539062,421.9543762207031
2024-11-15,223.5715789794922,202.61000061035156,172.89756774902344,551.421142578125,410.2018737792969
2024-11-18,226.57241821289062,201.6999969482422,175.79098510742188,551.739501953125,410.95306396484375
2024-11-19,226.8307647705078,204.61000061035156,178.55508422851562,558.3973999023438,412.9595947265625
2024-11-20,227.5461883544922,202.8800048828125,176.31793212890625,562.80615234375,410.6861572265625
2024-11-21,227.06924438476562,198.3800048828125,168.2740936279297,560.3878173828125,408.913330078125
2024-11-22,228.41065979003906,197.1199951171875,165.6193389892578,556.4567260742188,413.0036926269531
2024-11-25,231.39161682128906,201.4499969482422,168.46299743652344,562.3980102539062,414.7765808105469
2024-11-26,233.5677032470703,207.86000061035156,169.64625549316406,570.7875366210938,423.8883972167969
2024-11-27,233.43853759765625,205.74000549316406,169.8450927734375,566.4683837890625,418.93634033203125
2024-11-29,235.8233184814453,207.88999938964844,169.5169677734375,571.56396484375,419.40185546875
2024-12-02,238.0689697265625,210.7100067138672,171.9927520751953,589.9850463867188,426.84979248046875
2024-12-03,241.10951232910156,213.44000244140625,172.0325164794922,610.7051391601562,427.06768798828125
2024-12-04,241.46725463867188,218.16000366210938,175.08499145507812,610.8345336914062,433.22802734375
2024-12-05,241.4970703125,220.5500030517578,173.31517028808594,606.0077514648438,438.37823486328125
2024-12-06,241.29832458496094,227.02999877929688,175.4827423095703,620.7765502929688,439.319091796875
2024-12-09,245.1835174560547,226.08999633789062,176.28900146484375,610.62548828125,441.74560546875
2024-12-10,246.197021484375,225.0399932861328,185.6758270263672,616.3479614257812,439.0814208984375
2024-12-11,244.9251708984375,230.25999450683594,195.80921936035156,629.643798828125,444.6871643066406
2024-12-12,246.38583374023438,228.97000122070312,192.74331665039062,627.7628784179688,445.2516784667969
2024-12-13,246.5547637939453,227.4600067138672,190.50363159179688,617.3729858398438,442.9836120605469
2024-12-16,249.44627380371094,232.92999267578125,197.25259399414062,621.7454223632812,447.26226806640625
2024-12-17,251.8707733154297,231.14999389648438,196.2173309326172,616.964599609375,450.104736328125
2024-12-18,246.4752655029297,220.52000427246094,189.2792510986328,594.8035278320312,433.1983642578125
2024-12-19,248.20420837402344,223.2899932861328,188.83131408691406,593.18994140625,432.8417663574219
2024-12-20,252.8743896484375,224.9199981689453,192.07640075683594,582.9112548828125,432.4159240722656
2024-12-23,253.6494140625,225.05999755859375,195.09251403808594,597.4528198242188,431.078857421875
2024-12-24,256.560791015625,229.0500030517578,196.665283203125,605.3213500976562,435.11968994140625
2024-12-26,257.3755798339844,227.0500030517578,196.19744873046875,600.9388427734375,433.9114074707031
2024-12-27,253.96737670898438,223.75,193.15145874023438,597.4131469726562,426.40411376953125
2024-12-30,250.59890747070312,221.3000030517578,191.8076171875,588.8772583007812,420.7586975097656
2024-12-31,248.83021545410156,219.38999938964844,189.5679168701172,583.170166015625,417.4606018066406
2025-01-02,242.30191040039062,220.22000122070312,189.75704956054688,596.8453369140625,414.568603515625
2025-01-03,241.81503295898438,224.19000244140625,192.24560546875,602.2136840820312,419.29290771484375
2025-01-06,243.44459533691406,227.61000061035156,197.05349731445312,627.6815795898438,423.7497863769531
2025-01-07,240.67233276367188,222.11000061035156,195.80921936035156,615.4208374023438,418.3222961425781
2025-01-08,241.1592254638672,222.1300048828125,194.49526977539062,608.2794189453125,420.4913024902344
2025-01-10,235.3463592529297,218.94000244140625,192.28541564941406,613.39892578125,414.93505859375
2025-01-13,232.91189575195312,218.4600067138672,191.40945434570312,605.8990478515625,413.1919250488281
2025-01-14,231.79901123046875,217.75999450683594,190.1751251220703,591.8753051757812,411.68646240234375
2025-01-15,236.35987854003906,223.35000610351562,196.07798767089844,614.6538696289062,422.2245178222656
2025-01-16,226.81089782714844,220.66000366210938,193.51976013183594,608.8571166992188,420.5110778808594
2025-01-17,228.5199432373047,225.94000244140625,196.6453857421875,610.3212890625,424.91845703125
2025-01-21,221.2265625,230.7100067138672,198.71585083007812,613.99658203125,424.3935241699219
2025-01-22,222.4090118408203,235.00999450683594,199.114013671875,621.0083618164062,441.9239196777344
2025-01-23,222.2401123046875,235.4199981689453,198.6660919189453,633.9066772460938,442.42901611328125
2025-01-24,221.3656768798828,234.85000610351562,200.97544860839844,644.9024658203125,439.8044128417969
2025-01-27,228.40074157714844,235.4199981689453,192.8826904296875,657.2429809570312,430.39544677734375
2025-01-28,236.74740600585938,238.14999389648438,196.16757202148438,671.63525390625,442.9143371582031
2025-01-29,237.84042358398438,237.07000732421875,196.2770538330078,673.78662109375,438.0909729003906
2025-01-30,236.08164978027344,234.63999938964844,201.70213317871094,684.2546997070312,411.01300048828125
2025-01-31,234.5017547607422,237.67999267578125,204.65850830078125,686.4259033203125,411.0823059082031
2025-02-03,226.56248474121094,237.4199981689453,201.71206665039062,694.6728515625,406.9820251464844
2025-02-04,231.3220672607422,242.05999755859375,206.75885009765625,701.3759155273438,408.4180603027344
2025-02-05,230.99415588378906,236.1699981689453,192.4148406982422,702.0532836914062,409.32928466796875
2025-02-06,231.73941040039062,238.8300018310547,192.42478942871094,709.1447143554688,411.8350524902344
2025-02-07,226.18492126464844,229.14999389648438,186.2830352783203,711.6646728515625,405.8232116699219
2025-02-10,226.4534454345703,233.13999938964844,187.3381805419922,714.5330810546875,408.26953125
2025-02-11,231.3973388671875,232.75999450683594,186.21336364746094,716.9235229492188,407.4970397949219
2025-02-12,235.62501525878906,228.92999267578125,184.5808563232422,722.4812622070312,405.1200256347656
2025-02-13,240.26051330566406,230.3699951171875,187.0196533203125,725.6484985351562,406.60565185546875
2025-02-14,243.31439208984375,228.67999267578125,186.0142822265625,733.7261352539062,404.5158386230469
2025-02-18,243.18507385253906,226.64999389648438,184.9491729736328,713.5072631835938,405.7142639160156
2025-02-19,243.5829620361328,226.6300048828125,186.27308654785156,700.9576416015625,410.7950744628906
2025-02-20,244.53790283203125,222.8800048828125,185.7853240966797,692.0633544921875,412.9684753417969
2025-02-21,244.25938415527344,216.5800018310547,180.7484893798828,680.8184204101562,405.108642578125
2025-02-24,245.80125427246094,212.7100067138672,180.36029052734375,665.4600830078125,400.9306335449219
2025-02-25,245.74154663085938,212.8000030517578,176.55775451660156,654.8724975585938,394.8769836425781
2025-02-26,239.09666442871094,214.35000610351562,173.90000915527344,671.0078125,396.6930847167969
2025-02-27,236.0527801513672,208.74000549316406,169.4305877685547,655.6095581054688,389.5477600097656
2025-02-28,240.56887817382812,212.27999877929688,171.43136596679688,665.52978515625,393.9739074707031
2025-03-03,236.7789306640625,205.02000427246094,167.88766479492188,652.4323120117188,385.5384826660156
2025-03-04,234.68994140625,203.8000030517578,171.81956481933594,637.4424438476562,385.6575622558594
2025-03-05,234.50096130371094,208.36000061035156,174.18869018554688,653.8466186523438,397.9732666015625
2025-03-06,234.09310913085938,200.6999969482422,173.41224670410156,625.4207153320312,393.8746643066406
2025-03-07,237.8134765625,199.25,174.9451904296875,623.1597290039062,390.3218688964844
2025-03-10,226.2843780517578,194.5399932861328,167.2318572998047,595.600341796875,377.2717590332031
2025-03-11,219.6792755126953,196.58999633789062,165.40817260742188,603.28955078125,377.5595703125
2025-03-12,215.8395538330078,198.88999938964844,168.4177703857422,617.0841064453125,380.35809326171875
2025-03-13,208.57791137695312,193.88999938964844,164.1624755859375,588.2797241210938,375.892333984375
2025-03-14,212.36790466308594,197.9499969482422,167.0425262451172,605.7103271484375,385.60791015625
2025-03-17,212.87522888183594,195.74000549316406,165.9961395263672,603.018798828125,385.74688720703125
2025-03-18,211.57211303710938,192.82000732421875,162.1095733642578,580.548828125,380.6062316894531
2025-03-19,214.1086883544922,195.5399932861328,165.70712280273438,582.2435302734375,384.87359619140625
2025-03-20,212.97470092773438,194.9499969482422,164.4813690185547,584.1775512695312,383.9010314941406
2025-03-21,217.12277221679688,196.2100067138672,165.67724609375,594.3956298828125,388.28741455078125
2025-03-24,219.56985473632812,203.25999450683594,169.3445587158203,616.92529296875,390.0936279296875
2025-03-25,222.573974609375,205.7100067138672,172.1947021484375,624.3621215820312,392.15777587890625
2025-03-26,220.3656463623047,201.1300048828125,166.56417846679688,609.0797729492188,387.0072021484375
2025-03-27,222.6734619140625,201.36000061035156,163.5147247314453,600.7059326171875,387.6125793457031
2025-03-28,216.75469970703125,192.72000122070312,155.5223388671875,574.9462890625,375.92205810546875
2025-03-31,220.96249389648438,190.25999450683594,155.69175720214844,574.5675048828125,372.5379943847656
2025-04-01,222.0169219970703,192.1699981689453,158.3326416015625,584.1775512695312,379.2863464355469
2025-04-02,222.7132568359375,196.00999450683594,158.3126983642578,582.114013671875,379.2367248535156
2025-04-03,202.12203979492188,178.41000366210938,152.10415649414062,529.9666137695312,370.2752990722656
2025-04-04,187.38987731933594,171.0,147.2310028076172,503.1602478027344,357.10614013671875
2025-04-07,180.50625610351562,175.25999450683594,148.72584533691406,514.6444091796875,355.14117431640625
2025-04-08,171.51376342773438,170.66000366210938,146.07501220703125,508.8624572753906,351.86627197265625
2025-04-09,197.8048553466797,191.10000610351562,160.50511169433594,583.9483032226562,387.52325439453125
2025-04-10,189.41912841796875,181.22000122070312,154.83470153808594,544.5910034179688,378.4527282714844
2025-04-11,197.10853576660156,184.8699951171875,158.850830078125,541.8794555664062,385.498779296875
2025-04-14,201.45555114746094,182.1199951171875,160.9136962890625,529.8270874023438,384.8636169433594
2025-04-15,201.07754516601562,179.58999633789062,158.13331604003906,519.8980712890625,382.7994384765625
2025-04-16,193.2489013671875,174.3300018310547,154.96426391601562,500.747802734375,368.78668212890625
2025-04-17,195.94467163085938,172.61000061035156,152.83164978027344,499.9203796386719,364.98577880859375
2025-04-21,192.1447296142578,167.32000732421875,149.34368896484375,483.15264892578125,356.3916015625
2025-04-22,198.69017028808594,173.17999267578125,153.36978149414062,498.7240905761719,364.0331115722656
2025-04-23,203.52462768554688,180.60000610351562,157.1766357421875,518.6519775390625,371.5456237792969
2025-04-24,207.27479553222656,186.5399932861328,160.9136962890625,531.491943359375,384.35748291015625
2025-04-25,208.18002319335938,188.99000549316406,163.28550720214844,545.5679321289062,388.8729248046875
2025-04-28,209.03550720214844,187.6999969482422,161.86044311523438,548.0302124023438,388.18817138671875
2025-04-29,210.0998992919922,187.38999938964844,161.50167846679688,552.7156372070312,391.0462951660156
2025-04-30,211.38308715820312,184.4199981689453,160.335693359375,547.2926025390625,392.25701904296875
2025-05-01,212.19879150390625,190.1999969482422,162.22915649414062,570.430419921875,422.16802978515625
2025-05-02,204.2707061767578,189.97999572753906,165.23875427246094,595.1632080078125,431.9729919433594
2025-05-05,197.84463500976562,186.35000610351562,165.47793579101562,597.4063110351562,432.8562316894531
2025-05-06,197.4666290283203,185.00999450683594,164.63084411621094,585.4833984375,430.0179443359375
2025-05-07,195.21852111816406,188.7100067138672,152.27357482910156,594.9539184570312,430.0576477050781
2025-05-08,196.45201110839844,192.0800018310547,155.2134246826172,596.1502075195312,434.84100341796875
2025-05-09,197.48654174804688,193.05999755859375,153.84812927246094,590.6472778320312,435.39678955078125
2025-05-12,209.95704650878906,208.63999938964844,159.0302276611328,637.4413452148438,445.8467712402344
2025-05-13,212.08860778808594,211.3699951171875,160.335693359375,653.98974609375,445.7276916503906
2025-05-14,211.49098205566406,210.25,166.2353057861328,657.3093872070312,449.4988098144531
2025-05-15,210.6144561767578,205.1699981689453,164.8301544189453,641.8775024414062,450.512939453125
2025-05-16,210.42520141601562,205.58999633789062,166.85317993164062,638.3485717773438,451.6463317871094
2025-05-19,207.9550018310547,206.16000366210938,167.29164123535156,638.438232421875,456.2197570800781
2025-05-20,206.04258728027344,204.07000732421875,164.75045776367188,635.1185302734375,455.5238342285156
2025-05-21,201.2914276123047,201.1199951171875,169.47410583496094,633.5235595703125,449.9561767578125
2025-05-22,200.5643310546875,203.10000610351562,171.3874969482422,634.5902099609375,452.23291015625
2025-05-23,194.49838256835938,200.99000549316406,169.00570678710938,625.10986328125,447.5799560546875
2025-05-27,199.4188690185547,206.02000427246094,173.38059997558594,640.3223876953125,458.0292663574219
2025-05-28,199.62803649902344,204.72000122070312,172.78268432617188,641.5784301757812,454.7184753417969
2025-05-29,199.15988159179688,205.6999969482422,172.36412048339844,643.0439453125,456.0308837890625
2025-05-30,200.05633544921875,205.00999450683594,172.25450134277344,645.4762573242188,457.701171875
2025-06-02,200.9029541015625,206.64999389648438,169.7830352783203,668.8134765625,459.3018798828125
2025-06-03,202.46678161621094,205.7100067138672,167.13221740722656,664.7760620117188,460.29608154296875
2025-06-04,202.0185546875,207.22999572753906,168.80641174316406,685.8104248046875,461.1908874511719
2025-06-05,199.8372039794922,207.91000366210938,169.2249755859375,682.49072265625,464.9788818359375
2025-06-06,203.11419677734375,213.57000732421875,174.3173828125,695.5401000976562,467.6632995605469
2025-06-09,200.65394592285156,216.97999572753906,177.23080444335938,691.9014282226562,470.0196228027344
2025-06-10,201.869140625,217.61000061035156,179.60545349121094,700.2155151367188,468.2001953125
2025-06-11,197.9945068359375,213.1999969482422,178.38818359375,691.981201171875,469.8903503417969
2025-06-12,198.41285705566406,213.24000549316406,176.57229614257812,691.20361328125,476.104248046875
2025-06-13,195.67373657226562,212.10000610351562,175.48475646972656,680.7462158203125,472.2168273925781
2025-06-16,197.6359405517578,216.10000610351562,177.5401153564453,700.4749145507812,476.37274169921875
2025-06-17,194.86692810058594,214.82000732421875,176.8317108154297,695.5963745117188,475.2790832519531
2025-06-18,195.80320739746094,212.52000427246094,173.58901977539062,694.1397705078125,477.4663391113281
2025-06-20,200.20574951171875,209.69000244140625,167.35304260253906,680.751220703125,474.6427307128906
2025-06-23,200.70375061035156,208.47000122070312,165.6369171142578,696.8934326171875,483.1930847167969
2025-06-24,199.50851440429688,212.77000427246094,167.363037109375,710.5313110351562,487.2793273925781
2025-06-25,200.76353454589844,211.99000549316406,171.10459899902344,707.0195922851562,489.4268798828125
2025-06-26,200.20574951171875,217.1199951171875,174.03799438476562,724.3888549804688,494.57696533203125
2025-06-27,200.28543090820312,223.3000030517578,177.86936950683594,731.9110717773438,493.07568359375
2025-06-30,204.3592529296875,219.38999938964844,176.9913330078125,736.3606567382812,494.53717041015625
2025-07-01,206.99880981445312,220.4600067138672,176.51243591308594,717.5347900390625,489.2080993652344
2025-07-02,211.6005401611328,219.9199981689453,179.35601806640625,711.8981323242188,488.2536926269531
2025-07-03,212.70614624023438,223.41000366210938,180.1442413330078,717.3253784179688,495.9589538574219
2025-07-07,209.12037658691406,223.47000122070312,177.1609649658203,716.6668701171875,494.84539794921875
2025-07-08,209.1801300048828,219.36000061035156,174.766357421875,718.9814453125,493.7517395019531
2025-07-09,210.30564880371094,222.5399932861328,177.26075744628906,731.0631103515625,500.60198974609375
2025-07-10,211.57066345214844,222.25999450683594,178.29840087890625,725.5360717773438,498.58367919921875
2025-07-11,210.32559204101562,225.02000427246094,180.9025421142578,715.828857421875,500.4130554199219
2025-07-14,207.7956085205078,225.69000244140625,182.39915466308594,719.2308959960938,500.1147766113281
2025-07-15,208.28369140625,226.35000610351562,182.68850708007812,708.7255859375,502.89862060546875
2025-07-16,209.3295440673828,223.19000244140625,183.3570098876953,701.2630004882812,502.6997985839844
2025-07-17,209.19009399414062,223.8800048828125,184.28492736816406,699.7665405273438,508.7446594238281
2025-07-18,210.3455047607422,226.1300048828125,185.5221405029297,702.6298828125,507.1041564941406
2025-07-21,211.640380859375,229.3000030517578,190.72042846679688,711.2994384765625,507.1141357421875
2025-07-22,213.5527801513672,227.47000122070312,191.67825317382812,703.1586303710938,502.3517761230469
2025-07-23,213.30377197265625,228.2899932861328,191.07960510253906,711.9081420898438,502.94830322265625
2025-07-24,212.91531372070312,232.22999572753906,192.76580810546875,713.1251831054688,507.9294128417969
2025-07-25,213.0348358154297,231.44000244140625,193.6438446044922,711.0101318359375,510.7430725097656
2025-07-28,213.20419311523438,232.7899932861328,192.98532104492188,715.9486083984375,509.5400085449219
2025-07-29,210.43516540527344,231.00999450683594,195.98854064941406,698.35986328125,509.609619140625
2025-07-30,208.2239227294922,230.19000244140625,196.9962921142578,693.5811157226562,510.2757568359375
2025-07-31,206.74978637695312,234.11000061035156,192.4265899658203,771.6278076171875,530.4187622070312
2025-08-01,201.58029174804688,214.75,189.5231170654297,748.2527465820312,521.0829467773438
2025-08-04,202.5464630126953,211.64999389648438,195.3101043701172,774.5509643554688,532.5463256835938
2025-08-05,202.1181640625,213.75,194.8810577392578,761.6712036132812,524.7019653320312
2025-08-06,212.40733337402344,222.30999755859375,196.4774627685547,770.1812133789062,521.908203125
2025-08-07,219.16053771972656,223.1300048828125,196.83663940429688,760.0449829101562,517.8318481445312
2025-08-08,228.44371032714844,222.69000244140625,201.63584899902344,767.49755859375,519.0249633789062
2025-08-11,226.53909301757812,221.3000030517578,201.1768798828125,764.0755615234375,518.7565307617188
2025-08-12,229.0021209716797,221.47000122070312,203.70118713378906,788.1489868164062,526.183349609375
2025-08-13,232.6717529296875,224.55999755859375,202.57371520996094,778.2523193359375,517.5733642578125
2025-08-14,232.12330627441406,230.97999572753906,203.36196899414062,780.2974243164062,519.4623413085938
2025-08-15,230.9366455078125,231.02999877929688,204.4495086669922,783.39013671875,517.1657104492188
2025-08-18,230.23863220214844,231.49000549316406,203.8308868408203,765.572021484375,514.1134643554688
2025-08-19,229.90956115722656,228.00999450683594,202.03494262695312,749.71923828125,506.8257751464844
2025-08-20,225.3723907470703,223.80999755859375,199.7401123046875,745.9680786132812,502.7991638183594
2025-08-21,224.26551818847656,221.9499969482422,200.16912841796875,737.3682250976562,502.15185546875
2025-08-22,227.11744689941406,228.83999633789062,206.25543212890625,753.021484375,505.1295166015625
2025-08-25,226.51914978027344,227.94000244140625,208.68994140625,751.5349731445312,502.17181396484375
2025-08-26,228.6630859375,228.7100067138672,207.482666015625,752.3331298828125,499.96099853515625
2025-08-27,229.8397674560547,229.1199951171875,207.74209594726562,745.62890625,504.6415100097656
2025-08-28,231.9039306640625,231.60000610351562,211.89271545410156,749.3501586914062,507.5295104980469
2025-08-29,231.485107421875,229.0,213.05014038085938,736.9691772460938,504.59173583984375
2025-09-02,229.0719451904297,225.33999633789062,211.51361083984375,733.3875732421875,503.0282287597656
2025-09-03,237.79725646972656,225.99000549316406,230.5806427001953,735.3230590820312,503.2572937011719
2025-09-04,239.10353088378906,235.67999267578125,232.1371307373047,746.8959350585938,505.866455078125
2025-09-05,239.01380920410156,232.3300018310547,234.64149475097656,750.6870727539062,492.9501647949219
2025-09-08,237.20892333984375,235.83999633789062,233.84259033203125,750.537353515625,496.13690185546875
2025-09-09,233.6888885498047,238.24000549316406,239.61474609375,763.906005859375,496.3460388183594
2025-09-10,226.1501922607422,230.3300018310547,239.23526000976562,750.2180786132812,498.29791259765625
2025-09-11,229.3810577392578,229.9499969482422,240.45359802246094,749.140625,498.9352722167969
2025-09-12,233.40968322753906,228.14999389648438,241.0528106689453,753.8197021484375,507.7884521484375
2025-09-15,236.03224182128906,231.42999267578125,251.41871643066406,762.9083251953125,513.225830078125
2025-09-16,237.4781494140625,234.0500030517578,251.07919311523438,777.1748046875,506.9320068359375
2025-09-17,238.3157958984375,231.6199951171875,249.51132202148438,773.9024658203125,507.9079284667969
2025-09-18,237.20892333984375,231.22999572753906,251.9879608154297,778.4218139648438,506.3444519042969
2025-09-19,244.8074188232422,231.47999572753906,254.89401245117188,776.5562133789062,515.78515625
2025-09-22,255.35755920410156,227.6300048828125,252.53721618652344,763.8824462890625,512.319580078125
2025-09-23,253.7122344970703,220.7100067138672,251.9979248046875,754.1387329101562,507.1212463378906
2025-09-24,251.5981903076172,220.2100067138672,247.49404907226562,759.3899536132812,508.0373840332031
2025-09-25,256.14532470703125,218.14999389648438,246.2357635498047,747.6595458984375,504.9303283691406
2025-09-26,254.73931884765625,219.77999877929688,246.8449249267578,742.5081787109375,509.34197998046875
2025-09-29,253.7122344970703,222.1699981689453,244.02874755859375,742.1587524414062,512.4689331054688
2025-09-30,253.9116668701172,219.57000732421875,243.21986389160156,733.1538696289062,515.8051147460938
2025-10-01,254.72933959960938,220.6300048828125,245.2071533203125,716.1422729492188,517.557861328125
2025-10-02,256.40460205078125,222.41000366210938,246.095947265625,725.8360595703125,513.604248046875
2025-10-03,257.2920837402344,219.50999450683594,246.1159210205078,709.3735961914062,515.20751953125
2025-10-06,255.96583557128906,220.89999389648438,251.1690673828125,714.465087890625,526.3811645507812
2025-10-07,255.75645446777344,221.77999877929688,246.79501342773438,711.889404296875,521.8101196289062
2025-10-08,257.3320007324219,225.22000122070312,245.1272735595703,716.6414794921875,522.676513671875
2025-10-09,253.32330322265625,227.74000549316406,241.88168334960938,732.2852783203125,520.2366943359375
2025-10-10,244.5780792236328,216.3699951171875,237.16807556152344,704.1223754882812,508.84405517578125
2025-10-13,246.96133422851562,220.07000732421875,244.30836486816406,714.5050048828125,511.9212341308594
2025-10-14,247.07101440429688,216.38999938964844,245.8562774658203,707.466796875,511.4432373046875
2025-10-15,248.63658142089844,215.57000732421875,251.36878967285156,716.3519287109375,511.3038024902344
2025-10-16,246.7519073486328,214.47000122070312,251.53857421875,710.881103515625,509.4913330078125
2025-10-17,251.5782470703125,213.0399932861328,253.4459686279297,715.7229614257812,511.4532470703125
2025-10-20,261.50018310546875,216.47999572753906,256.6716003417969,730.947509765625,514.6498413085938
2025-10-21,262.0286865234375,222.02999877929688,250.99929809570312,732.0457153320312,515.5162963867188
2025-10-22,257.72088623046875,217.9499969482422,252.18768310546875,732.1854248046875,518.3843994140625
2025-10-23,258.84765625,221.08999633789062,253.38604736328125,732.7744750976562,518.404296875
2025-10-24,262.07855224609375,224.2100067138672,260.1568603515625,737.127197265625,521.441650390625
2025-10-27,268.0516357421875,226.97000122070312,269.5640869140625,749.5663452148438,529.3189697265625
2025-10-28,268.2410888671875,229.25,268.0661315917969,750.1853637695312,539.8252563476562
2025-10-29,268.93914794921875,230.3000030517578,274.7969970703125,750.4149169921875,539.307373046875
2025-10-30,270.63433837890625,222.86000061035156,281.5178527832031,665.3572387695312,523.582763671875
2025-10-31,269.60723876953125,244.22000122070312,281.43798828125,647.2674560546875,515.6656494140625
2025-11-03,268.2909851074219,254.0,283.73486328125,636.645263671875,514.888916015625
2025-11-04,269.2781982421875,249.32000732421875,277.6830749511719,626.2725830078125,512.2001342773438
2025-11-05,269.3778991699219,250.1999969482422,284.364013671875,634.88818359375,505.0597839355469
2025-11-06,269.0089416503906,243.0399932861328,284.9532165527344,617.9065551757812,495.04144287109375
2025-11-07,267.7126159667969,244.41000366210938,279.32086181640625,620.6719360351562,494.7626037597656
2025-11-10,268.9303283691406,248.39999389648438,290.1960754394531,630.7052001953125,503.9045715332031
2025-11-11,274.73956298828125,249.10000610351562,291.3445129394531,626.0330200195312,506.573486328125
2025-11-12,272.962890625,244.1999969482422,287.0403747558594,607.9931640625,509.0233154296875
2025-11-13,272.4438171386719,237.5800018310547,278.74163818359375,608.8717041015625,501.205810546875
2025-11-14,271.90484619140625,234.69000244140625,276.60455322265625,608.4424438476562,508.0672607421875
2025-11-17,266.9639892578125,232.8699951171875,285.2128601074219,601.0048217773438,505.3883972167969
2025-11-18,266.94403076171875,222.5500030517578,284.57373046875,596.6920776367188,491.74517822265625
2025-11-19,268.0619812011719,222.69000244140625,292.59283447265625,589.3343505859375,485.1027526855469
2025-11-20,265.7562561035156,217.13999938964844,289.5869445800781,588.1663208007812,477.3404846191406
2025-11-21,270.98651123046875,220.69000244140625,299.2438049316406,593.2578125,471.04486083984375
2025-11-24,275.4083557128906,226.27999877929688,318.0382995605469,612.0264282226562,472.92059326171875
2025-11-25,276.45635986328125,229.6699981689453,323.2012939453125,635.1576538085938,475.90374755859375
2025-11-26,277.0353088378906,229.16000366210938,319.8458251953125,632.5520629882812,484.3943786621094
2025-11-28,278.3328857421875,233.22000122070312,319.6860656738281,646.8681640625,490.88958740234375
2025-12-01,282.57501220703125,233.8800048828125,314.69281005859375,639.7999267578125,485.6315612792969
2025-12-02,285.6592712402344,234.4199981689453,315.59161376953125,646.01953125,488.8841552734375
2025-12-03,283.623046875,232.3800048828125,320.1853942871094,638.5320434570312,476.64208984375
2025-12-04,280.179443359375,229.11000061035156,317.95843505859375,660.425537109375,479.7449951171875
2025-12-05,278.26300048828125,229.52999877929688,321.65338134765625,672.2955932617188,482.0597229003906
2025-12-08,277.3746643066406,226.88999938964844,314.2286376953125,665.6866455078125,489.9018249511719
2025-12-09,276.6659851074219,227.9199981689453,317.52630615234375,655.8631591796875,490.8995361328125
2025-12-10,278.26300048828125,231.77999877929688,320.7740173339844,649.0444946289062,477.4701843261719
2025-12-11,277.514404296875,230.27999877929688,313.4791564941406,651.6201782226562,482.3690185546875
2025-12-12,277.763916015625,226.19000244140625,310.3013916015625,643.1543579101562,477.4402770996094
2025-12-15,273.6016540527344,222.5399932861328,309.10223388671875,646.9561157226562,473.73870849609375
2025-12-16,274.1007385253906,222.55999755859375,307.51336669921875,656.587890625,475.3051452636719
2025-12-17,271.33587646484375,221.27000427246094,297.85015869140625,648.9443969726562,475.0357360839844
2025-12-18,271.68524169921875,226.75999450683594,303.5361633300781,663.881591796875,482.87786865234375
2025-12-19,273.1625061035156,227.35000610351562,308.3927307128906,658.2064819335938,484.8134460449219
2025-12-22,270.4674987792969,228.42999267578125,311.1108093261719,660.9341430664062,483.81573486328125
2025-12-23,271.85491943359375,232.13999938964844,315.457763671875,664.3711547851562,485.7413330078125
2025-12-24,273.3022155761719,232.3800048828125,315.4477844238281,666.9789428710938,486.90863037109375
2025-12-26,272.89300537109375,232.52000427246094,314.7382507324219,662.7225952148438,486.599365234375
2025-12-29,273.2523498535156,232.07000732421875,314.168701171875,658.1265258789062,485.9907531738281
2025-12-30,272.57354736328125,232.52999877929688,314.32855224609375,665.3803100585938,486.3699035644531
2025-12-31,271.3558349609375,230.82000732421875,313.5790710449219,659.5253295898438,482.5186767578125
